name,bucket
WechatWork.json,kkzzhizhou/scoop-zapps
CompileAHK.json,kkzzhizhou/scoop-zapps
linux-command.json,kkzzhizhou/scoop-zapps
KindleUnpack.json,kkzzhizhou/scoop-zapps
AdobePhotoshopCC.json,kkzzhizhou/scoop-zapps
BingDianWenku.json,kkzzhizhou/scoop-zapps
Document-TagExplorer.json,kkzzhizhou/scoop-zapps
Copies.json,kkzzhizhou/scoop-zapps
LLFTOOL.json,kkzzhizhou/scoop-zapps
ThunderS.json,kkzzhizhou/scoop-zapps
Whitecloud.json,kkzzhizhou/scoop-zapps
V2V-Converter.json,kkzzhizhou/scoop-zapps
QOwnNotes.json,kkzzhizhou/scoop-zapps
EassosRestore.json,kkzzhizhou/scoop-zapps
Grub2.json,kkzzhizhou/scoop-zapps
xshell7p.json,kkzzhizhou/scoop-zapps
goproxy.json,kkzzhizhou/scoop-zapps
WTGA.json,kkzzhizhou/scoop-zapps
HWIDGEN.json,kkzzhizhou/scoop-zapps
AdobeIllustrator.json,kkzzhizhou/scoop-zapps
VbsToExe.json,kkzzhizhou/scoop-zapps
BlackBird-Player.json,kkzzhizhou/scoop-zapps
Notepad3-mod.json,kkzzhizhou/scoop-zapps
ABBYYFineReader.json,kkzzhizhou/scoop-zapps
AliIM.json,kkzzhizhou/scoop-zapps
rustdesk.json,kkzzhizhou/scoop-zapps
RemoteAppTool.json,kkzzhizhou/scoop-zapps
ecloud.json,kkzzhizhou/scoop-zapps
officetool.json,kkzzhizhou/scoop-zapps
GPUShark.json,kkzzhizhou/scoop-zapps
MergeGen.json,kkzzhizhou/scoop-zapps
termius.json,kkzzhizhou/scoop-zapps
FileMenuTools.json,kkzzhizhou/scoop-zapps
SIW.json,kkzzhizhou/scoop-zapps
nuclear.json,kkzzhizhou/scoop-zapps
Reg2Nsis.json,kkzzhizhou/scoop-zapps
xftp7p.json,kkzzhizhou/scoop-zapps
SunloginClient.json,kkzzhizhou/scoop-zapps
QQ.json,kkzzhizhou/scoop-zapps
neteasepopo.json,kkzzhizhou/scoop-zapps
DriverTalent.json,kkzzhizhou/scoop-zapps
Archivarius3000.json,kkzzhizhou/scoop-zapps
WimTool.json,kkzzhizhou/scoop-zapps
SogouPinyin-Portable.json,kkzzhizhou/scoop-zapps
TwomonUSB.json,kkzzhizhou/scoop-zapps
RAMExpect.json,kkzzhizhou/scoop-zapps
ApkMessenger.json,kkzzhizhou/scoop-zapps
coodesker.json,kkzzhizhou/scoop-zapps
NpcGUI.json,kkzzhizhou/scoop-zapps
aliyunpan.json,kkzzhizhou/scoop-zapps
LetsView.json,kkzzhizhou/scoop-zapps
PandaOCR.json,kkzzhizhou/scoop-zapps
Charles.json,kkzzhizhou/scoop-zapps
mailmaster.json,kkzzhizhou/scoop-zapps
lx-music-desktop.json,kkzzhizhou/scoop-zapps
utorrent.json,kkzzhizhou/scoop-zapps
Xmanager.json,kkzzhizhou/scoop-zapps
Zkey.json,kkzzhizhou/scoop-zapps
chrome-with-flash.json,kkzzhizhou/scoop-zapps
Alt-C.json,kkzzhizhou/scoop-zapps
PhotoZoomPro.json,kkzzhizhou/scoop-zapps
BlueLifeHostsEditor.json,kkzzhizhou/scoop-zapps
InnoExtractor.json,kkzzhizhou/scoop-zapps
wps.json,kkzzhizhou/scoop-zapps
WinSW_kkzzhizhou.json,kkzzhizhou/scoop-zapps
BatToExeConverter.json,kkzzhizhou/scoop-zapps
wimlib.json,kkzzhizhou/scoop-zapps
ContextMenuManager.json,kkzzhizhou/scoop-zapps
irreader.json,kkzzhizhou/scoop-zapps
ResilioSync.json,kkzzhizhou/scoop-zapps
360Chrome.json,kkzzhizhou/scoop-zapps
ThunderSpeed.json,kkzzhizhou/scoop-zapps
R-Studio.json,kkzzhizhou/scoop-zapps
Windows10Manager.json,kkzzhizhou/scoop-zapps
QiDian.json,kkzzhizhou/scoop-zapps
Obsidian.json,kkzzhizhou/scoop-zapps
KindleSend.json,kkzzhizhou/scoop-zapps
FrpcGUI.json,kkzzhizhou/scoop-zapps
winsnap.json,kkzzhizhou/scoop-zapps
EnigmaVirtualBox.json,kkzzhizhou/scoop-zapps
Xftp.json,kkzzhizhou/scoop-zapps
MusicTools.json,kkzzhizhou/scoop-zapps
EverythingToolbar.json,kkzzhizhou/scoop-zapps
nmap_kkzzhizhou.json,kkzzhizhou/scoop-zapps
tinyMediaManager.json,kkzzhizhou/scoop-zapps
CorelVideoStudio.json,kkzzhizhou/scoop-zapps
WsaToolbox.json,kkzzhizhou/scoop-zapps
RightMenuMgr.json,kkzzhizhou/scoop-zapps
SetUserFTA.json,kkzzhizhou/scoop-zapps
sdkman.json,kkzzhizhou/scoop-zapps
NoxPlayer.json,kkzzhizhou/scoop-zapps
VMware-viclient.json,kkzzhizhou/scoop-zapps
HDTunePro.json,kkzzhizhou/scoop-zapps
TianRuoOCR.json,kkzzhizhou/scoop-zapps
magnetW.json,kkzzhizhou/scoop-zapps
Xshell.json,kkzzhizhou/scoop-zapps
ZY-Player.json,kkzzhizhou/scoop-zapps
ZeroTier.json,kkzzhizhou/scoop-zapps
Stickies.json,kkzzhizhou/scoop-zapps
SetACL.json,kkzzhizhou/scoop-zapps
TreeSize.json,kkzzhizhou/scoop-zapps
multimarkdown.json,kkzzhizhou/scoop-zapps
FlickerList.json,kkzzhizhou/scoop-zapps
Sandboxie-Classic.json,kkzzhizhou/scoop-zapps
PartAssist.json,kkzzhizhou/scoop-zapps
SetDefaultBrowser.json,kkzzhizhou/scoop-zapps
DingTalk.json,kkzzhizhou/scoop-zapps
ManicTime.json,kkzzhizhou/scoop-zapps
DriverGenius.json,kkzzhizhou/scoop-zapps
SogouWubi-Portable.json,kkzzhizhou/scoop-zapps
ProcessExplorer.json,kkzzhizhou/scoop-zapps
SpacedeskViewer.json,kkzzhizhou/scoop-zapps
Cache-Relocator.json,kkzzhizhou/scoop-zapps
SpacedeskDriver.json,kkzzhizhou/scoop-zapps
RegConvert.json,kkzzhizhou/scoop-zapps
EasyBCD.json,kkzzhizhou/scoop-zapps
officetool-dotnet.json,kkzzhizhou/scoop-zapps
AutoHotkey.json,kkzzhizhou/scoop-zapps
Autoruns.json,kkzzhizhou/scoop-zapps
DeskDock.json,kkzzhizhou/scoop-zapps
AutoGUI.json,kkzzhizhou/scoop-zapps
homedale.json,kkzzhizhou/scoop-zapps
Proxifier.json,kkzzhizhou/scoop-zapps
Synergy.json,kkzzhizhou/scoop-zapps
subconverter_kkzzhizhou.json,kkzzhizhou/scoop-zapps
WSA.json,kkzzhizhou/scoop-zapps
TotalUninstallPro.json,kkzzhizhou/scoop-zapps
WinNTSetup.json,kkzzhizhou/scoop-zapps
Bandicam-portable.json,kkzzhizhou/scoop-zapps
AnyTXT.json,kkzzhizhou/scoop-zapps
gife.json,kkzzhizhou/scoop-zapps
nextcloud-uploader.json,kkzzhizhou/scoop-zapps
googlechrome.json,kkzzhizhou/scoop-zapps
Foxmail.json,kkzzhizhou/scoop-zapps
ByPass.json,kkzzhizhou/scoop-zapps
FileLocatorPro.json,kkzzhizhou/scoop-zapps
TuBaTool.json,kkzzhizhou/scoop-zapps
Roadkil-DiskImage.json,kkzzhizhou/scoop-zapps
tortoisesvn.json,kkzzhizhou/scoop-zapps
ComIntRep.json,kkzzhizhou/scoop-zapps
wintogo.json,kkzzhizhou/scoop-zapps
ssr-native.json,kkzzhizhou/scoop-zapps
ifly-pinyin.json,kkzzhizhou/scoop-zapps
journey.json,kkzzhizhou/scoop-zapps
BaiduNetdisk.json,kkzzhizhou/scoop-zapps
CorelDraw.json,kkzzhizhou/scoop-zapps
Bootice.json,kkzzhizhou/scoop-zapps
LuDaShi.json,kkzzhizhou/scoop-zapps
360NetRepair.json,kkzzhizhou/scoop-zapps
nps-client.json,kkzzhizhou/scoop-zapps
USBSafelyRemove.json,kkzzhizhou/scoop-zapps
Thunder.json,kkzzhizhou/scoop-zapps
WubiLex.json,kkzzhizhou/scoop-zapps
anki-with-sync.json,kkzzhizhou/scoop-zapps
NavicatPremium.json,kkzzhizhou/scoop-zapps
SecureCRT.json,kkzzhizhou/scoop-zapps
AcronisTrueImage.json,kkzzhizhou/scoop-zapps
UltraISO.json,kkzzhizhou/scoop-zapps
SecoClient.json,kkzzhizhou/scoop-zapps
electerm.json,kkzzhizhou/scoop-zapps
registry-finder.json,kkzzhizhou/scoop-zapps
verysync.json,kkzzhizhou/scoop-zapps
BitTorrent-Portable.json,kkzzhizhou/scoop-zapps
SSDLife.json,kkzzhizhou/scoop-zapps
RaiDrive.json,kkzzhizhou/scoop-zapps
Venue11Remap.json,kkzzhizhou/scoop-zapps
unlock-music.json,kkzzhizhou/scoop-zapps
AutoDeleteFileOnPCWechat.json,kkzzhizhou/scoop-zapps
ShadowsocksR.json,kkzzhizhou/scoop-zapps
lockhunter.json,kkzzhizhou/scoop-zapps
contextmenumanager_HCLonely.json,HCLonely/my-scoop-bucket
video-srt-gui.json,HCLonely/my-scoop-bucket
misakatranslator.json,HCLonely/my-scoop-bucket
pixivbiu.json,HCLonely/my-scoop-bucket
apipost.json,HCLonely/my-scoop-bucket
copyplusplus.json,HCLonely/my-scoop-bucket
adrive.json,HCLonely/my-scoop-bucket
ffmpeg-tools.json,HCLonely/my-scoop-bucket
baidudisk.json,HCLonely/my-scoop-bucket
openssh_HCLonely.json,HCLonely/my-scoop-bucket
premotem.json,HCLonely/my-scoop-bucket
jjdown.json,HCLonely/my-scoop-bucket
irreader_HCLonely.json,HCLonely/my-scoop-bucket
dd-monitor.json,HCLonely/my-scoop-bucket
shudaxia.json,HCLonely/my-scoop-bucket
zy-player_HCLonely.json,HCLonely/my-scoop-bucket
magnetw_HCLonely.json,HCLonely/my-scoop-bucket
ossutil_HCLonely.json,HCLonely/my-scoop-bucket
trafficmonitor.json,HCLonely/my-scoop-bucket
lx-music.json,HCLonely/my-scoop-bucket
yuki.json,HCLonely/my-scoop-bucket
oss-browser.json,HCLonely/my-scoop-bucket
devsidecar.json,HCLonely/my-scoop-bucket
OBSStudio-Portable.json,Weidows-projects/scoop-3rd
poetry_Weidows-projects.json,Weidows-projects/scoop-3rd
Fluent-for-Steam.json,Weidows-projects/scoop-3rd
jianyingpro-with-ffmpeg.json,Weidows-projects/scoop-3rd
UsbEAm-Hosts-Editor.json,Weidows-projects/scoop-3rd
Synergy-Binaries.json,Weidows-projects/scoop-3rd
anaconda3.json,Weidows-projects/scoop-3rd
karing.json,Weidows-projects/scoop-3rd
glazewm.json,Weidows-projects/scoop-3rd
vscode-portable-association.json,Weidows-projects/scoop-3rd
Auto_Bangumi.json,Weidows-projects/scoop-3rd
NoxPlayer.json,Weidows-projects/scoop-3rd
wps-photoplus.json,Weidows-projects/scoop-3rd
wps-office.json,Weidows-projects/scoop-3rd
ComfyUI-Windows-Portable.json,Weidows-projects/scoop-3rd
Motrix-linking-aria2.json,Weidows-projects/scoop-3rd
obs-plugin-droidcam_fixed.json,Weidows-projects/scoop-3rd
CAJViewer.json,Weidows-projects/scoop-3rd
tickeys.json,Weidows-projects/scoop-3rd
everyone-can-use-english.json,Weidows-projects/scoop-3rd
WSABuild.json,Weidows-projects/scoop-3rd
griddycode.json,Weidows-projects/scoop-3rd
kassistant-live2d.json,Weidows-projects/scoop-3rd
VRCFaceTracking.json,Weidows-projects/scoop-3rd
AutumnBox.json,Weidows-projects/scoop-3rd
Dependency-Walker.json,Weidows-projects/scoop-3rd
steam-theme-Zehn.json,Weidows-projects/scoop-3rd
Windows-Theme-HighContract-Tokyo-Night.json,Weidows-projects/scoop-3rd
adspower.json,Weidows-projects/scoop-3rd
DigitalMate2D.json,Weidows-projects/scoop-3rd
Snap.Hutao.json,Weidows-projects/scoop-3rd
pcstory.json,Weidows-projects/scoop-3rd
Sapphire-EnhancedDesktop.json,Weidows-projects/scoop-3rd
CefDetectorX.json,Weidows-projects/scoop-3rd
DevEco-Studio.json,Weidows-projects/scoop-3rd
login_bili_go.json,Weidows-projects/scoop-3rd
AIO-Boot.json,Weidows-projects/scoop-3rd
He3.json,Weidows-projects/scoop-3rd
Pixeval.json,Weidows-projects/scoop-3rd
webbrain.json,Weidows-projects/scoop-3rd
bongocat-osu.json,Weidows-projects/scoop-3rd
obs-plugin-scale-to-sound.json,Weidows-projects/scoop-3rd
WingetUI.json,Weidows-projects/scoop-3rd
SteamOK.json,Weidows-projects/scoop-3rd
cygwin-libs-hentai.json,Weidows-projects/scoop-3rd
7zip-zstd-instead.json,Weidows-projects/scoop-3rd
obs-plugin-auto-subtitle.json,Weidows-projects/scoop-3rd
tbtool.json,Weidows-projects/scoop-3rd
MyDockFinder.json,Weidows-projects/scoop-3rd
tdl.json,Weidows-projects/scoop-3rd
64Gram-tdesktop-fork.json,Weidows-projects/scoop-3rd
sigma-file-manager.json,Weidows-projects/scoop-3rd
psmodule-GuiCompletion.json,Weidows-projects/scoop-3rd
PCmaster.json,Weidows-projects/scoop-3rd
BADownloaderUI.json,Weidows-projects/scoop-3rd
osu-lazer.json,Weidows-projects/scoop-3rd
pnpm_Weidows-projects.json,Weidows-projects/scoop-3rd
VirtualDesktop.json,Weidows-projects/scoop-3rd
tiantian-workbench.json,Weidows-projects/scoop-3rd
GitHub520.json,Weidows-projects/scoop-3rd
KeySound.json,Weidows-projects/scoop-3rd
docker-desktop-with-compose.json,Weidows-projects/scoop-3rd
KikoPlay.json,Weidows-projects/scoop-3rd
psmodule-PowerShellAI.json,Weidows-projects/scoop-3rd
HandWrite.json,Weidows-projects/scoop-3rd
g-helper.json,Weidows-projects/scoop-3rd
shion.json,Weidows-projects/scoop-3rd
CabMaker.json,Weidows-projects/scoop-3rd
XYplorer.json,Weidows-projects/scoop-3rd
Clash-for-Windows_Chinese.json,Weidows-projects/scoop-3rd
warp-cloudflare.json,Weidows-projects/scoop-3rd
Bongocat-Mver.json,Weidows-projects/scoop-3rd
RM-ATKtools.json,Weidows-projects/scoop-3rd
scoop-ext.json,Weidows-projects/scoop-3rd
cudnn.json,Weidows-projects/scoop-3rd
PostImages-client-portable.json,Weidows-projects/scoop-3rd
autocut.json,Weidows-projects/scoop-3rd
psmodule-7Zip4Powershell.json,Weidows-projects/scoop-3rd
Waifu2x-Extension-GUI.json,Weidows-projects/scoop-3rd
Jvedio.json,Weidows-projects/scoop-3rd
Nyushu-font.json,Weidows-projects/scoop-3rd
aws-portable.json,Weidows-projects/scoop-3rd
yas.json,Weidows-projects/scoop-3rd
bw_add_sshkeys.json,Weidows-projects/scoop-3rd
ApiPost_Weidows-projects.json,Weidows-projects/scoop-3rd
defender-control.json,Weidows-projects/scoop-3rd
SourceTree.json,Weidows-projects/scoop-3rd
TagUI.json,Weidows-projects/scoop-3rd
windows-defender-control.json,Weidows-projects/scoop-3rd
lan-mouse.json,Weidows-projects/scoop-3rd
hfd.json,Weidows-projects/scoop-3rd
bottom_Weidows-projects.json,Weidows-projects/scoop-3rd
DnsTools.json,Weidows-projects/scoop-3rd
biliTickerBuy.json,Weidows-projects/scoop-3rd
thief.json,Weidows-projects/scoop-3rd
Lively-Wallpaper.json,Weidows-projects/scoop-3rd
SFP.json,Weidows-projects/scoop-3rd
widgets.json,Weidows-projects/scoop-3rd
UmamusumeResponseAnalyzer.json,Weidows-projects/scoop-3rd
test.json,Weidows-projects/scoop-3rd
MicrosoftEdge-dev-portable.json,Weidows-projects/scoop-3rd
Remix-desktop.json,Weidows-projects/scoop-3rd
autoMate.json,Weidows-projects/scoop-3rd
AIStarter.json,Weidows-projects/scoop-3rd
WePE.json,Weidows-projects/scoop-3rd
TinyHand.json,Weidows-projects/scoop-3rd
fav.json,Weidows-projects/scoop-3rd
Jeenpi.json,Weidows-projects/scoop-3rd
Edge-Webdriver.json,Weidows-projects/scoop-3rd
Archive-password-cracker.json,Weidows-projects/scoop-3rd
UltraUXThemePatcher.json,Weidows-projects/scoop-3rd
MyJoy.json,Weidows-projects/scoop-3rd
N0vaDesktop.json,Weidows-projects/scoop-3rd
EasySpider.json,Weidows-projects/scoop-3rd
gptcommit.json,Weidows-projects/scoop-3rd
animeko.json,Weidows-projects/scoop-3rd
Kemono-scraper.json,Weidows-projects/scoop-3rd
telegram-downloader.json,Weidows-projects/scoop-3rd
obs-plugin-backgroundremoval.json,Weidows-projects/scoop-3rd
RunCat-zhiyin.json,Weidows-projects/scoop-3rd
audius.json,Weidows-projects/scoop-3rd
LM-Studio.json,Weidows-projects/scoop-3rd
YUMI-UEFIPortable.json,Weidows-projects/scoop-3rd
XStudio.json,Weidows-projects/scoop-3rd
QuickCut.json,Weidows-projects/scoop-3rd
dev-sidecar.json,Weidows-projects/scoop-3rd
WondershareUniconverter.json,Weidows-projects/scoop-3rd
pipx-poetry.json,Weidows-projects/scoop-3rd
PartAssist.json,Weidows-projects/scoop-3rd
AdvancedWgetGUI-Portable.json,Weidows-projects/scoop-3rd
windows-defender-remover.json,Weidows-projects/scoop-3rd
Air_Weidows-projects.json,Weidows-projects/scoop-3rd
wutils.json,Weidows-projects/scoop-3rd
jvms.json,Weidows-projects/scoop-3rd
biliup-app.json,Weidows-projects/scoop-3rd
ZipCracker.json,Weidows-projects/scoop-3rd
MiFlash-with-BL_Unlocker.json,Weidows-projects/scoop-3rd
utools-persist.json,Weidows-projects/scoop-3rd
uv-portable-cn.json,Weidows-projects/scoop-3rd
Sheas-Cealer.json,Weidows-projects/scoop-3rd
wps-photo-plus.json,Weidows-projects/scoop-3rd
jetbrains-toolbox.json,Weidows-projects/scoop-3rd
clash.net.json,Weidows-projects/scoop-3rd
gvm.json,Weidows-projects/scoop-3rd
x-studio.json,Weidows-projects/scoop-3rd
intel-one-mono.json,Weidows-projects/scoop-3rd
UmaAi.json,Weidows-projects/scoop-3rd
ChatBox.json,Weidows-projects/scoop-3rd
Starward.json,Weidows-projects/scoop-3rd
KitX.json,Weidows-projects/scoop-3rd
encore.json,Weidows-projects/scoop-3rd
git-all.json,Weidows-projects/scoop-3rd
Adwaita-for-Steam.json,Weidows-projects/scoop-3rd
firefox-developer-zh-cn-portable.json,Weidows-projects/scoop-3rd
sshpass.json,Weidows-projects/scoop-3rd
chrome-power-app.json,Weidows-projects/scoop-3rd
StarRailCopilot.json,Weidows-projects/scoop-3rd
winxray.json,Weidows-projects/scoop-3rd
hello-vam.json,Weidows-projects/scoop-3rd
ollama_Weidows-projects.json,Weidows-projects/scoop-3rd
vscode.json,Weidows-projects/scoop-3rd
cuda12.4.json,Weidows-projects/scoop-3rd
SmartSystemMenu.json,Weidows-projects/scoop-3rd
animation-garden-desktop.json,Weidows-projects/scoop-3rd
ModOrganizer.json,Weidows-projects/scoop-3rd
KugouMusic.json,Weidows-projects/scoop-3rd
Game-Cheats-Manager.json,Weidows-projects/scoop-3rd
BrutalityExtractor.json,Weidows-projects/scoop-3rd
ImageMagick-portable-Q16-HDRI.json,Weidows-projects/scoop-3rd
SamToki-pack.json,Weidows-projects/scoop-3rd
GUI.for.SingBox.json,Weidows-projects/scoop-3rd
360zip.json,Weidows-projects/scoop-3rd
Edge-Webdriver-Stable.json,Weidows-projects/scoop-3rd
ja-netfilter-modified.json,Weidows-projects/scoop-3rd
nvm_Weidows-projects.json,Weidows-projects/scoop-3rd
Iobitdriverbooster.json,Weidows-projects/scoop-3rd
eva_Weidows-projects.json,Weidows-projects/scoop-3rd
PanJi-GreenTools.json,Weidows-projects/scoop-3rd
YoudaoDict-portable.json,Weidows-projects/scoop-3rd
dingtalk-gov.json,scoopcn/scoopcn
kugou.json,scoopcn/scoopcn
wxwork.json,scoopcn/scoopcn
procexp.json,scoopcn/scoopcn
wechat.json,scoopcn/scoopcn
locaspace.json,scoopcn/scoopcn
procmon.json,scoopcn/scoopcn
todesk.json,scoopcn/scoopcn
yfanyi.json,scoopcn/scoopcn
cloudmusic.json,scoopcn/scoopcn
baidudisk_scoopcn.json,scoopcn/scoopcn
dingtalk.json,scoopcn/scoopcn
s3-browser.json,scoopcn/scoopcn
lx-music-desktop_scoopcn.json,scoopcn/scoopcn
apifox.json,scoopcn/scoopcn
wps.json,scoopcn/scoopcn
xt800.json,scoopcn/scoopcn
sunlogin.json,scoopcn/scoopcn
tim.json,scoopcn/scoopcn
wechat-devtools.json,scoopcn/scoopcn
unity3d.json,scoopcn/scoopcn
wechat-beta.json,scoopcn/scoopcn
ade.json,scoopcn/scoopcn
3dtile.json,scoopcn/scoopcn
xt800agent.json,scoopcn/scoopcn
kwmusic.json,scoopcn/scoopcn
ynote.json,scoopcn/scoopcn
feishu.json,scoopcn/scoopcn
neo4jbrowser.json,scoopcn/scoopcn
we-meet.json,scoopcn/scoopcn
yquake2-ref-vk.json,Calinou/scoop-games
steam.json,Calinou/scoop-games
demul.json,Calinou/scoop-games
tome4.json,Calinou/scoop-games
easyrpg-player.json,Calinou/scoop-games
bsnes-mt.json,Calinou/scoop-games
xivlauncher.json,Calinou/scoop-games
warsow.json,Calinou/scoop-games
unrealpakviewer.json,Calinou/scoop-games
springlobby.json,Calinou/scoop-games
ironwail.json,Calinou/scoop-games
otto-matic.json,Calinou/scoop-games
runelite.json,Calinou/scoop-games
stonecutter.json,Calinou/scoop-games
prismlauncher.json,Calinou/scoop-games
umoria.json,Calinou/scoop-games
playit.json,Calinou/scoop-games
steam-achievement-manager-syntaxtm.json,Calinou/scoop-games
ppsspp.json,Calinou/scoop-games
duelyst.json,Calinou/scoop-games
bsnes-hd-beta.json,Calinou/scoop-games
tooniversal.json,Calinou/scoop-games
bsnes.json,Calinou/scoop-games
fillets.json,Calinou/scoop-games
newer-tanooki.json,Calinou/scoop-games
lime3ds.json,Calinou/scoop-games
vita3k.json,Calinou/scoop-games
spearmint.json,Calinou/scoop-games
fbneo-nightly.json,Calinou/scoop-games
prismlauncher-qt5.json,Calinou/scoop-games
q2pro.json,Calinou/scoop-games
steam-achievement-manager.json,Calinou/scoop-games
mindustry.json,Calinou/scoop-games
tickompiler.json,Calinou/scoop-games
loot.json,Calinou/scoop-games
crewchief.json,Calinou/scoop-games
snes9x-dev.json,Calinou/scoop-games
ferium.json,Calinou/scoop-games
ddnet.json,Calinou/scoop-games
zdl.json,Calinou/scoop-games
scummvm.json,Calinou/scoop-games
teeworlds.json,Calinou/scoop-games
umod.json,Calinou/scoop-games
bugdom.json,Calinou/scoop-games
collapse-launcher.json,Calinou/scoop-games
endless-sky.json,Calinou/scoop-games
armagetronad.json,Calinou/scoop-games
pychess.json,Calinou/scoop-games
fheroes2.json,Calinou/scoop-games
uhexen2.json,Calinou/scoop-games
zokumbsp.json,Calinou/scoop-games
tesseract-game.json,Calinou/scoop-games
hedgewars.json,Calinou/scoop-games
angband.json,Calinou/scoop-games
visualboyadvance-m-nightly.json,Calinou/scoop-games
livesplit.json,Calinou/scoop-games
project64-dev.json,Calinou/scoop-games
uvtt2fgu.json,Calinou/scoop-games
mesen-s.json,Calinou/scoop-games
osulazer.json,Calinou/scoop-games
fteqw.json,Calinou/scoop-games
chunker.json,Calinou/scoop-games
bgb.json,Calinou/scoop-games
evemaptool.json,Calinou/scoop-games
minecraft.json,Calinou/scoop-games
alephone-marathon-trilogy.json,Calinou/scoop-games
ares.json,Calinou/scoop-games
modboy.json,Calinou/scoop-games
flycast.json,Calinou/scoop-games
cemu-dev.json,Calinou/scoop-games
stuntrally.json,Calinou/scoop-games
ff-logs-uploader.json,Calinou/scoop-games
toontownfellowship.json,Calinou/scoop-games
runebook.json,Calinou/scoop-games
vkquake.json,Calinou/scoop-games
retroarch-nightly.json,Calinou/scoop-games
dreamm.json,Calinou/scoop-games
daggerfallunity.json,Calinou/scoop-games
openxcom.json,Calinou/scoop-games
naev.json,Calinou/scoop-games
powdertoy.json,Calinou/scoop-games
neverball.json,Calinou/scoop-games
game-backup-monitor.json,Calinou/scoop-games
opensupaplex.json,Calinou/scoop-games
sokoban.json,Calinou/scoop-games
nester.json,Calinou/scoop-games
raine.json,Calinou/scoop-games
flashpoint.json,Calinou/scoop-games
blade-of-agony.json,Calinou/scoop-games
widelands.json,Calinou/scoop-games
minutor.json,Calinou/scoop-games
bzflag.json,Calinou/scoop-games
blockbench.json,Calinou/scoop-games
doomrunner.json,Calinou/scoop-games
darkplaces.json,Calinou/scoop-games
ericw-tools.json,Calinou/scoop-games
mekhq.json,Calinou/scoop-games
mgba.json,Calinou/scoop-games
pathofbuilding.json,Calinou/scoop-games
weakauras-companion.json,Calinou/scoop-games
toontownrewritten.json,Calinou/scoop-games
wiiscrubber.json,Calinou/scoop-games
melonds.json,Calinou/scoop-games
cxbx-reloaded.json,Calinou/scoop-games
csauto.json,Calinou/scoop-games
paintball2.json,Calinou/scoop-games
supertux.json,Calinou/scoop-games
romsorter.json,Calinou/scoop-games
tic-80.json,Calinou/scoop-games
shatteredpixeldungeon.json,Calinou/scoop-games
raze.json,Calinou/scoop-games
urbanterror.json,Calinou/scoop-games
freedroidrpg.json,Calinou/scoop-games
wowup.json,Calinou/scoop-games
dungeonsupdater.json,Calinou/scoop-games
extremetuxracer.json,Calinou/scoop-games
battlenet.json,Calinou/scoop-games
freedoom.json,Calinou/scoop-games
rtcwcoop.json,Calinou/scoop-games
mekhq-dev.json,Calinou/scoop-games
openspades.json,Calinou/scoop-games
assetstudio.json,Calinou/scoop-games
mighty-mike.json,Calinou/scoop-games
minetest.json,Calinou/scoop-games
sixcells.json,Calinou/scoop-games
openrct2.json,Calinou/scoop-games
angband-dev.json,Calinou/scoop-games
megaanticheat.json,Calinou/scoop-games
rvgl-launcher.json,Calinou/scoop-games
mame.json,Calinou/scoop-games
opentyrian2000.json,Calinou/scoop-games
snes9x.json,Calinou/scoop-games
openclonk.json,Calinou/scoop-games
eve-iph.json,Calinou/scoop-games
epic-games-launcher.json,Calinou/scoop-games
gdidrop.json,Calinou/scoop-games
dolphin.json,Calinou/scoop-games
simulationcraft.json,Calinou/scoop-games
chiaki4deck.json,Calinou/scoop-games
simple64.json,Calinou/scoop-games
nethack.json,Calinou/scoop-games
lzdoom.json,Calinou/scoop-games
rgbds.json,Calinou/scoop-games
corporateclash.json,Calinou/scoop-games
mindustry-server.json,Calinou/scoop-games
nanosaur-2.json,Calinou/scoop-games
openmw.json,Calinou/scoop-games
pyfa.json,Calinou/scoop-games
jeveassets.json,Calinou/scoop-games
pso2-tweaker.json,Calinou/scoop-games
mudlet.json,Calinou/scoop-games
jazz2-resurrection.json,Calinou/scoop-games
idlemaster-extended.json,Calinou/scoop-games
openmw-nightly.json,Calinou/scoop-games
zandronum.json,Calinou/scoop-games
kindandfair.json,Calinou/scoop-games
dwarf-fortress.json,Calinou/scoop-games
kega-fusion.json,Calinou/scoop-games
beebem.json,Calinou/scoop-games
applewin.json,Calinou/scoop-games
doom-retro.json,Calinou/scoop-games
supermodel.json,Calinou/scoop-games
cro-mag-rally.json,Calinou/scoop-games
infraarcana.json,Calinou/scoop-games
crispy-doom.json,Calinou/scoop-games
ppsspp-dev.json,Calinou/scoop-games
doomsday.json,Calinou/scoop-games
openfortress.json,Calinou/scoop-games
xenia.json,Calinou/scoop-games
freeorion.json,Calinou/scoop-games
amulet-map-editor.json,Calinou/scoop-games
rvgl.json,Calinou/scoop-games
enigma.json,Calinou/scoop-games
dgvoodoo2.json,Calinou/scoop-games
bedrock-launcher.json,Calinou/scoop-games
golly.json,Calinou/scoop-games
toontownoffline.json,Calinou/scoop-games
project64.json,Calinou/scoop-games
ryujinx-ava.json,Calinou/scoop-games
itch.json,Calinou/scoop-games
supertuxkart.json,Calinou/scoop-games
xebra.json,Calinou/scoop-games
ivan.json,Calinou/scoop-games
odamex.json,Calinou/scoop-games
billy-frontier.json,Calinou/scoop-games
pcsx2-dev.json,Calinou/scoop-games
ufoai.json,Calinou/scoop-games
wfinfo.json,Calinou/scoop-games
adom.json,Calinou/scoop-games
quakespasm.json,Calinou/scoop-games
resolute.json,Calinou/scoop-games
bugdom-2.json,Calinou/scoop-games
wii-backup-manager.json,Calinou/scoop-games
openloco.json,Calinou/scoop-games
mameui.json,Calinou/scoop-games
vdrift.json,Calinou/scoop-games
pcsx2.json,Calinou/scoop-games
redeclipse.json,Calinou/scoop-games
ludo.json,Calinou/scoop-games
cemu.json,Calinou/scoop-games
clonehero.json,Calinou/scoop-games
rimpy-pre-release.json,Calinou/scoop-games
unciv.json,Calinou/scoop-games
amidst.json,Calinou/scoop-games
sw-exporter.json,Calinou/scoop-games
openmsx.json,Calinou/scoop-games
chunker-cli.json,Calinou/scoop-games
spraygen.json,Calinou/scoop-games
iortcw.json,Calinou/scoop-games
speed-dreams.json,Calinou/scoop-games
megameklab.json,Calinou/scoop-games
stella.json,Calinou/scoop-games
sauerbraten.json,Calinou/scoop-games
megamek.json,Calinou/scoop-games
mednaffe.json,Calinou/scoop-games
duckstation-preview.json,Calinou/scoop-games
opendungeons.json,Calinou/scoop-games
lambdahack.json,Calinou/scoop-games
bombermaaan.json,Calinou/scoop-games
megaglest.json,Calinou/scoop-games
legendary.json,Calinou/scoop-games
eduke32.json,Calinou/scoop-games
mednafen.json,Calinou/scoop-games
cnc-ddraw.json,Calinou/scoop-games
ark-smart-breeding.json,Calinou/scoop-games
katrain.json,Calinou/scoop-games
dxwrapper.json,Calinou/scoop-games
ps3-system-software.json,Calinou/scoop-games
rbdoom-3-bfg.json,Calinou/scoop-games
ryujinx.json,Calinou/scoop-games
xmoto.json,Calinou/scoop-games
fbneo.json,Calinou/scoop-games
dolphin-dev.json,Calinou/scoop-games
lf2.json,Calinou/scoop-games
xonotic.json,Calinou/scoop-games
shipwright.json,Calinou/scoop-games
slade.json,Calinou/scoop-games
rayman-control-panel.json,Calinou/scoop-games
tf2-hud-editor.json,Calinou/scoop-games
megameklab-dev.json,Calinou/scoop-games
witchblast.json,Calinou/scoop-games
cambridge.json,Calinou/scoop-games
assaultcube.json,Calinou/scoop-games
sil.json,Calinou/scoop-games
rare.json,Calinou/scoop-games
dwarf-fortress-lnp.json,Calinou/scoop-games
redream.json,Calinou/scoop-games
actools.json,Calinou/scoop-games
nanoboyadvance.json,Calinou/scoop-games
bloxstrap.json,Calinou/scoop-games
rimpy.json,Calinou/scoop-games
reggie-next.json,Calinou/scoop-games
xenia-canary.json,Calinou/scoop-games
duckstation.json,Calinou/scoop-games
betterjoy.json,Calinou/scoop-games
undertale-mod-tool.json,Calinou/scoop-games
warzone2100.json,Calinou/scoop-games
racelab.json,Calinou/scoop-games
veloren-weekly.json,Calinou/scoop-games
openra.json,Calinou/scoop-games
gzdoom.json,Calinou/scoop-games
quake-injector.json,Calinou/scoop-games
steam-art-manager.json,Calinou/scoop-games
taisei.json,Calinou/scoop-games
cataclysm-dda.json,Calinou/scoop-games
evemon.json,Calinou/scoop-games
ecwolf.json,Calinou/scoop-games
wesnoth.json,Calinou/scoop-games
rpcs3.json,Calinou/scoop-games
cataclysm-dda-tiles-experimental.json,Calinou/scoop-games
openarena.json,Calinou/scoop-games
goggalaxy.json,Calinou/scoop-games
pacmc.json,Calinou/scoop-games
nuncabola.json,Calinou/scoop-games
xemu.json,Calinou/scoop-games
wemod.json,Calinou/scoop-games
nanosaur.json,Calinou/scoop-games
mgba-dev.json,Calinou/scoop-games
sameboy.json,Calinou/scoop-games
mcrcon.json,Calinou/scoop-games
pkhex.json,Calinou/scoop-games
cdogs-sdl.json,Calinou/scoop-games
mednafen-dev.json,Calinou/scoop-games
advanced-combat-tracker.json,Calinou/scoop-games
modbreeze.json,Calinou/scoop-games
demulshooter.json,Calinou/scoop-games
jim.json,Calinou/scoop-games
prboom-plus.json,Calinou/scoop-games
dxvk.json,Calinou/scoop-games
0ad.json,Calinou/scoop-games
nbtexplorer.json,Calinou/scoop-games
megamek-dev.json,Calinou/scoop-games
ascii-sector.json,Calinou/scoop-games
freeorion-test.json,Calinou/scoop-games
rmg.json,Calinou/scoop-games
cataclysm-dda-tiles.json,Calinou/scoop-games
simutrans.json,Calinou/scoop-games
triplea.json,Calinou/scoop-games
rbxfpsunlocker.json,Calinou/scoop-games
hedge-mod-manager.json,Calinou/scoop-games
bedrockupdater.json,Calinou/scoop-games
r2modman.json,Calinou/scoop-games
l4d2modmanager.json,Calinou/scoop-games
sudachi.json,Calinou/scoop-games
twitchdropsminer.json,Calinou/scoop-games
zdbsp.json,Calinou/scoop-games
fmodel.json,Calinou/scoop-games
tmaze.json,Calinou/scoop-games
texmod.json,Calinou/scoop-games
freeciv.json,Calinou/scoop-games
mcedit2.json,Calinou/scoop-games
openhv.json,Calinou/scoop-games
trenchbroom.json,Calinou/scoop-games
yquake2.json,Calinou/scoop-games
openmsx-dev.json,Calinou/scoop-games
redream-dev.json,Calinou/scoop-games
wyrmsun.json,Calinou/scoop-games
steam-rom-manager.json,Calinou/scoop-games
vkquake2.json,Calinou/scoop-games
mo2.json,Calinou/scoop-games
srb2kart.json,Calinou/scoop-games
openttd.json,Calinou/scoop-games
visualboyadvance-m.json,Calinou/scoop-games
pathofbuilding-community.json,Calinou/scoop-games
tabletop-club.json,Calinou/scoop-games
pegasus.json,Calinou/scoop-games
unrealmodloader.json,Calinou/scoop-games
heroic-games-launcher.json,Calinou/scoop-games
augmentinel.json,Calinou/scoop-games
opdessertstorm.json,Calinou/scoop-games
mesen.json,Calinou/scoop-games
rimsort.json,Calinou/scoop-games
clashnet.json,chawyehsu/dorado
purewriter.json,chawyehsu/dorado
clash-for-windows-np.json,chawyehsu/dorado
trojan-qt5.json,chawyehsu/dorado
hfs.json,chawyehsu/dorado
dotnet-desktop-runtime.json,chawyehsu/dorado
openethereum.json,chawyehsu/dorado
miniconda2.json,chawyehsu/dorado
scoop-completion.json,chawyehsu/dorado
tiled.json,chawyehsu/dorado
affine.json,chawyehsu/dorado
windowsterminal-np.json,chawyehsu/dorado
figma.json,chawyehsu/dorado
besttrace.json,chawyehsu/dorado
qq.json,chawyehsu/dorado
himalaya_chawyehsu.json,chawyehsu/dorado
anaconda3_chawyehsu.json,chawyehsu/dorado
wpsoffice-zh-cn.json,chawyehsu/dorado
diskgenius-zh.json,chawyehsu/dorado
anaconda2.json,chawyehsu/dorado
librewolf.json,chawyehsu/dorado
pxcook.json,chawyehsu/dorado
aegisub-nightly.json,chawyehsu/dorado
umi-ocr.json,chawyehsu/dorado
littletips.json,chawyehsu/dorado
mpc-be.json,chawyehsu/dorado
dzclient.json,chawyehsu/dorado
clashweb.json,chawyehsu/dorado
docker-cli.json,chawyehsu/dorado
netch.json,chawyehsu/dorado
pandownload.json,chawyehsu/dorado
clashn.json,chawyehsu/dorado
konversation.json,chawyehsu/dorado
translucenttb.json,chawyehsu/dorado
openai-translator.json,chawyehsu/dorado
clash-verge.json,chawyehsu/dorado
esbuild.json,chawyehsu/dorado
jiduscan.json,chawyehsu/dorado
tcping_chawyehsu.json,chawyehsu/dorado
tor-browser-zh-cn.json,chawyehsu/dorado
trafficmonitor_chawyehsu.json,chawyehsu/dorado
winlibs-mingw-msvcrt-mcf-snapshot.json,chawyehsu/dorado
clash_chawyehsu.json,chawyehsu/dorado
clash-for-windows.json,chawyehsu/dorado
deveco-studio.json,chawyehsu/dorado
apache-mod-fcgid.json,chawyehsu/dorado
sandboxie-plus.json,chawyehsu/dorado
tableau-desktop.json,chawyehsu/dorado
lavfilters.json,chawyehsu/dorado
chocolatey.json,chawyehsu/dorado
tim_chawyehsu.json,chawyehsu/dorado
phpstudy2016.json,chawyehsu/dorado
wgestures.json,chawyehsu/dorado
miniforge.json,chawyehsu/dorado
notion.json,chawyehsu/dorado
reicon.json,chawyehsu/dorado
adiirc.json,chawyehsu/dorado
texlive.json,chawyehsu/dorado
electron-cash.json,chawyehsu/dorado
rustup-np.json,chawyehsu/dorado
bililiverecorder.json,chawyehsu/dorado
hellofont.json,chawyehsu/dorado
clipber.json,chawyehsu/dorado
uncia.json,chawyehsu/dorado
r_chawyehsu.json,chawyehsu/dorado
winlibs-mingw-msvcrt.json,chawyehsu/dorado
pixi.json,chawyehsu/dorado
koodo-reader.json,chawyehsu/dorado
thunderbird-beta-zh-cn.json,chawyehsu/dorado
charles.json,chawyehsu/dorado
bilibili.json,chawyehsu/dorado
moonlight.json,chawyehsu/dorado
thunderbird-zh-cn.json,chawyehsu/dorado
isaac-save-installer.json,chawyehsu/dorado
msys2-cn.json,chawyehsu/dorado
chunky.json,chawyehsu/dorado
wechat-np.json,chawyehsu/dorado
dogecoincore.json,chawyehsu/dorado
gpac_chawyehsu.json,chawyehsu/dorado
lbry-desktop.json,chawyehsu/dorado
hmcl.json,chawyehsu/dorado
extism.json,chawyehsu/dorado
wechatwork_chawyehsu.json,chawyehsu/dorado
nuwen-mingw-gcc.json,chawyehsu/dorado
belautils.json,chawyehsu/dorado
lemon.json,chawyehsu/dorado
wox-nightly.json,chawyehsu/dorado
orwell-dev-cpp-no-compiler.json,chawyehsu/dorado
baulk.json,chawyehsu/dorado
texworks.json,chawyehsu/dorado
tradingview.json,chawyehsu/dorado
imewlconverter.json,chawyehsu/dorado
texlive-full.json,chawyehsu/dorado
whois.json,chawyehsu/dorado
snipaste-beta.json,chawyehsu/dorado
geth_chawyehsu.json,chawyehsu/dorado
mycrypto.json,chawyehsu/dorado
typos_chawyehsu.json,chawyehsu/dorado
miniconda.json,chawyehsu/dorado
microsoftedge.json,chawyehsu/dorado
todesk_chawyehsu.json,chawyehsu/dorado
mine-imator.json,chawyehsu/dorado
perfectworldarena.json,chawyehsu/dorado
douyin-ide.json,chawyehsu/dorado
powershell-preview.json,chawyehsu/dorado
futunn.json,chawyehsu/dorado
cargo-zigbuild.json,chawyehsu/dorado
bilibili-livehime.json,chawyehsu/dorado
ledger-live.json,chawyehsu/dorado
pixitracker.json,chawyehsu/dorado
neteaseuu.json,chawyehsu/dorado
setuna.json,chawyehsu/dorado
another-redis-desktop-manager.json,chawyehsu/dorado
aapt2.json,chawyehsu/dorado
uninstallview.json,chawyehsu/dorado
tianyi-ecloud.json,chawyehsu/dorado
swift-snapshot.json,chawyehsu/dorado
go-cn.json,chawyehsu/dorado
multimc.json,chawyehsu/dorado
pasteex.json,chawyehsu/dorado
raddebugger.json,chawyehsu/dorado
imagine.json,chawyehsu/dorado
kdeconnect.json,chawyehsu/dorado
tenderly-cli.json,chawyehsu/dorado
pstools.json,chawyehsu/dorado
stairspeedtest-reborn.json,chawyehsu/dorado
melonds_chawyehsu.json,chawyehsu/dorado
bitcoinknots.json,chawyehsu/dorado
solidity_chawyehsu.json,chawyehsu/dorado
runany.json,chawyehsu/dorado
qtscrcpy.json,chawyehsu/dorado
chinesesubtitleconversiontool.json,chawyehsu/dorado
moonbit.json,chawyehsu/dorado
stable-diffusion-cpp.json,chawyehsu/dorado
rustup-msvc-np.json,chawyehsu/dorado
moul.json,chawyehsu/dorado
mcloud.json,chawyehsu/dorado
dingtalk.json,chawyehsu/dorado
ctoy.json,chawyehsu/dorado
autodarkmode.json,chawyehsu/dorado
ali-miniprogram-studio.json,chawyehsu/dorado
centbrowser.json,chawyehsu/dorado
bamboo.json,chawyehsu/dorado
liko-12.json,chawyehsu/dorado
browsh.json,chawyehsu/dorado
winlibs-mingw-llvm-msvcrt.json,chawyehsu/dorado
winlibs-mingw-llvm-ucrt.json,chawyehsu/dorado
mcskin3d.json,chawyehsu/dorado
famitracker.json,chawyehsu/dorado
dotnet-install.json,chawyehsu/dorado
kitch.json,chawyehsu/dorado
mineways.json,chawyehsu/dorado
process-explorer.json,chawyehsu/dorado
trash.json,chawyehsu/dorado
unityhub.json,chawyehsu/dorado
archive.is.json,chawyehsu/dorado
bee.json,chawyehsu/dorado
mixin-messenger.json,chawyehsu/dorado
iobit-undelete.json,chawyehsu/dorado
chfs-gui.json,chawyehsu/dorado
mcedit.json,chawyehsu/dorado
real-esrgan.json,chawyehsu/dorado
helmsman.json,chawyehsu/dorado
kook.json,chawyehsu/dorado
swift_chawyehsu.json,chawyehsu/dorado
jmc2obj.json,chawyehsu/dorado
microsoftedge-beta.json,chawyehsu/dorado
activitywatch.json,chawyehsu/dorado
wechatdevtools.json,chawyehsu/dorado
waifu2x-caffe.json,chawyehsu/dorado
firefox-beta-zh-cn.json,chawyehsu/dorado
dotnet-uninstall-tool.json,chawyehsu/dorado
fasttracker2-clone.json,chawyehsu/dorado
solana.json,chawyehsu/dorado
frpmgr.json,chawyehsu/dorado
nano_chawyehsu.json,chawyehsu/dorado
aegisub.json,chawyehsu/dorado
redpanda-cpp.json,chawyehsu/dorado
n_m3u8dl-cli.json,chawyehsu/dorado
cyberduck.json,chawyehsu/dorado
origin.json,chawyehsu/dorado
archisteamfarm.json,chawyehsu/dorado
triangula.json,chawyehsu/dorado
crystaldiskmark-aoi-edition.json,chawyehsu/dorado
itch_chawyehsu.json,chawyehsu/dorado
git-credential-gopass.json,chawyehsu/dorado
flvextract.json,chawyehsu/dorado
lhmouse-gcc-mcf-snapshot-ucrt.json,chawyehsu/dorado
nattypetester.json,chawyehsu/dorado
speedtest-cli_chawyehsu.json,chawyehsu/dorado
winlibs-mingw-ucrt-snapshot.json,chawyehsu/dorado
wasmer_chawyehsu.json,chawyehsu/dorado
devpod.json,chawyehsu/dorado
volta_chawyehsu.json,chawyehsu/dorado
altserver.json,chawyehsu/dorado
obs-classic.json,chawyehsu/dorado
tockler.json,chawyehsu/dorado
rcon-cli.json,chawyehsu/dorado
mosdns-cn.json,chawyehsu/dorado
crystaldiskinfo-kureikei-edition.json,chawyehsu/dorado
yarn-np.json,chawyehsu/dorado
gmsh.json,chawyehsu/dorado
winlibs-mingw-msvcrt-snapshot.json,chawyehsu/dorado
phpstudy-lagecy-scoop.json,chawyehsu/dorado
axure.json,chawyehsu/dorado
redis-desktop-manager.json,chawyehsu/dorado
nftup.json,chawyehsu/dorado
copytranslator.json,chawyehsu/dorado
utools.json,chawyehsu/dorado
micromamba.json,chawyehsu/dorado
yy.json,chawyehsu/dorado
nomeiryoui.json,chawyehsu/dorado
plain-craft-launcher.json,chawyehsu/dorado
microsoftedge-canary.json,chawyehsu/dorado
flutter-cn.json,chawyehsu/dorado
gnupg-np.json,chawyehsu/dorado
kodi.json,chawyehsu/dorado
cctv-ysyy.json,chawyehsu/dorado
officetoolplus.json,chawyehsu/dorado
bypass_chawyehsu.json,chawyehsu/dorado
ediary.json,chawyehsu/dorado
neteaseuuvoice.json,chawyehsu/dorado
orwell-dev-cpp.json,chawyehsu/dorado
soundnode.json,chawyehsu/dorado
hok.json,chawyehsu/dorado
chfs.json,chawyehsu/dorado
fu.json,chawyehsu/dorado
llamafile.json,chawyehsu/dorado
intellij-idea-ce.json,chawyehsu/dorado
llvm-mingw.json,chawyehsu/dorado
beekeeper.json,chawyehsu/dorado
bob-wallet.json,chawyehsu/dorado
cosbrowser.json,chawyehsu/dorado
lhmouse-gcc-mcf-snapshot-msvcrt.json,chawyehsu/dorado
trezor-suite.json,chawyehsu/dorado
flowus.json,chawyehsu/dorado
filebrowser.json,chawyehsu/dorado
process-monitor.json,chawyehsu/dorado
wasmedge_chawyehsu.json,chawyehsu/dorado
epicgameslauncher.json,chawyehsu/dorado
firefox-nightly-zh-cn.json,chawyehsu/dorado
milkytracker.json,chawyehsu/dorado
firefox-developer-zh-cn.json,chawyehsu/dorado
nvm-windows.json,chawyehsu/dorado
neteasemusic.json,chawyehsu/dorado
famistudio.json,chawyehsu/dorado
microsoftedge-dev.json,chawyehsu/dorado
crystaldiskmark-shizuku-edition.json,chawyehsu/dorado
lassie.json,chawyehsu/dorado
crystaldiskinfo-shizuku-edition.json,chawyehsu/dorado
spdpd-assistant.json,chawyehsu/dorado
iobit-unlocker.json,chawyehsu/dorado
qqnt.json,chawyehsu/dorado
zap.json,chawyehsu/dorado
downkyi.json,chawyehsu/dorado
git_chawyehsu.json,chawyehsu/dorado
douyin-streamingtool.json,chawyehsu/dorado
qqplayer.json,chawyehsu/dorado
virgo.json,chawyehsu/dorado
scrcpy-gui.json,chawyehsu/dorado
libarchive.json,chawyehsu/dorado
kt-connect.json,chawyehsu/dorado
yuque.json,chawyehsu/dorado
wix.json,chawyehsu/dorado
binance.json,chawyehsu/dorado
chia-blockchain.json,chawyehsu/dorado
nbtexplorer_chawyehsu.json,chawyehsu/dorado
wasm-pack.json,chawyehsu/dorado
jianyingpro.json,chawyehsu/dorado
dandanplay.json,chawyehsu/dorado
crystaldiskinfo-aoi-edition.json,chawyehsu/dorado
capcut.json,chawyehsu/dorado
moonup.json,chawyehsu/dorado
clash-verge-rev.json,chawyehsu/dorado
lceda-pro.json,chawyehsu/dorado
swift-nightly.json,chawyehsu/dorado
justcolorpicker.json,chawyehsu/dorado
qqmusic.json,chawyehsu/dorado
pot.json,chawyehsu/dorado
duck.json,chawyehsu/dorado
steampp.json,chawyehsu/dorado
bbdown_chawyehsu.json,chawyehsu/dorado
musicbrainz-picard.json,chawyehsu/dorado
bitcoincore.json,chawyehsu/dorado
powershell.json,chawyehsu/dorado
beyondcompare-zh-cn.json,chawyehsu/dorado
firefox-zh-cn.json,chawyehsu/dorado
subtitles-database.json,chawyehsu/dorado
pixitracker-1bit.json,chawyehsu/dorado
winlibs-mingw-ucrt.json,chawyehsu/dorado
ttplayer.json,chawyehsu/dorado
electerm_chawyehsu.json,chawyehsu/dorado
aliyundrive.json,chawyehsu/dorado
qgis.json,chawyehsu/dorado
wayback.json,chawyehsu/dorado
lxmusic.json,chawyehsu/dorado
nuwen-mingw.json,chawyehsu/dorado
mubu.json,chawyehsu/dorado
s2cb.json,chawyehsu/dorado
processthreadsview.json,chawyehsu/dorado
minify_chawyehsu.json,chawyehsu/dorado
milton.json,chawyehsu/dorado
mosdns.json,chawyehsu/dorado
dvm.json,chawyehsu/dorado
feishu_chawyehsu.json,chawyehsu/dorado
lepton.json,chawyehsu/dorado
lyx.json,chawyehsu/dorado
picgo.json,chawyehsu/dorado
sunvox.json,chawyehsu/dorado
schema.intellij.json,hoilc/scoop-lemon
tdengine-client-beta.json,hoilc/scoop-lemon
avdc.json,hoilc/scoop-lemon
zonenetclient.json,hoilc/scoop-lemon
snips.json,hoilc/scoop-lemon
go-proxy-checker.json,hoilc/scoop-lemon
sandboxie-plus.json,hoilc/scoop-lemon
spline-cn.json,hoilc/scoop-lemon
zeno.json,hoilc/scoop-lemon
us3browser.json,hoilc/scoop-lemon
rustdesk_hoilc.json,hoilc/scoop-lemon
rabbitmq-assistant.json,hoilc/scoop-lemon
gogdl.json,hoilc/scoop-lemon
double-mouse-downloader.json,hoilc/scoop-lemon
edgedb-cli-nightly.json,hoilc/scoop-lemon
tanoshi.json,hoilc/scoop-lemon
kafka-assistant.json,hoilc/scoop-lemon
coodesker.json,hoilc/scoop-lemon
zally.json,hoilc/scoop-lemon
comrak.json,hoilc/scoop-lemon
vtun.json,hoilc/scoop-lemon
arsenal-image-mounter.json,hoilc/scoop-lemon
thorn.json,hoilc/scoop-lemon
zookeeper-assistant.json,hoilc/scoop-lemon
jjdown_hoilc.json,hoilc/scoop-lemon
brook-gui.json,hoilc/scoop-lemon
cnative.json,hoilc/scoop-lemon
dockle.json,hoilc/scoop-lemon
priv10.json,hoilc/scoop-lemon
registry-recon.json,hoilc/scoop-lemon
kangaroo.json,hoilc/scoop-lemon
terraform-validator.json,hoilc/scoop-lemon
redis-assistant.json,hoilc/scoop-lemon
hibernation-recon.json,hoilc/scoop-lemon
inlets.json,hoilc/scoop-lemon
av_data_capture.json,hoilc/scoop-lemon
napptive-playground-cli.json,hoilc/scoop-lemon
worsttrace.json,hoilc/scoop-lemon
ocis.json,hoilc/scoop-lemon
yuzu-ea.json,hoilc/scoop-lemon
brook-gui-lite.json,hoilc/scoop-lemon
data-assistant.json,hoilc/scoop-lemon
mcap.json,hoilc/scoop-lemon
meilisearch_hoilc.json,hoilc/scoop-lemon
kusion_hoilc.json,hoilc/scoop-lemon
wa-lang.json,hoilc/scoop-lemon
dns-jumper.json,hoilc/scoop-lemon
gopeed.json,hoilc/scoop-lemon
cilium-cli.json,hoilc/scoop-lemon
proxinject.json,hoilc/scoop-lemon
opentofu_hoilc.json,hoilc/scoop-lemon
just-color-picker.json,hoilc/scoop-lemon
staxrip.json,hoilc/scoop-lemon
cybr-cli.json,hoilc/scoop-lemon
websocat.json,hoilc/scoop-lemon
tickeys_hoilc.json,hoilc/scoop-lemon
bluelife-hosts-editor.json,hoilc/scoop-lemon
rabbit-tcp.json,hoilc/scoop-lemon
3proxy.json,hoilc/scoop-lemon
pngcheck.json,hoilc/scoop-lemon
epubcheck.json,hoilc/scoop-lemon
burrow.json,hoilc/scoop-lemon
lredit.json,hoilc/scoop-lemon
ysmood.whisper.json,hoilc/scoop-lemon
evernote-backup.json,hoilc/scoop-lemon
remetrics.json,hoilc/scoop-lemon
devolutions-remote-desktop-manager-free.json,hoilc/scoop-lemon
sequin-cli.json,hoilc/scoop-lemon
run-job.json,hoilc/scoop-lemon
winfrgui.json,hoilc/scoop-lemon
plow.json,hoilc/scoop-lemon
swgp-go.json,hoilc/scoop-lemon
psgen.json,hoilc/scoop-lemon
kbld.json,hoilc/scoop-lemon
jellycli.json,hoilc/scoop-lemon
redis_exporter.json,hoilc/scoop-lemon
visipics.json,hoilc/scoop-lemon
piping-server-rust.json,hoilc/scoop-lemon
mparallel.json,hoilc/scoop-lemon
winmouse.json,hoilc/scoop-lemon
windctl.json,hoilc/scoop-lemon
pm-lite.json,hoilc/scoop-lemon
janereader.json,hoilc/scoop-lemon
a5m2.json,hoilc/scoop-lemon
bangumi-renamer.json,hoilc/scoop-lemon
rymdport.json,hoilc/scoop-lemon
abstreet.json,hoilc/scoop-lemon
library.net-standard.json,hoilc/scoop-lemon
msstyleeditor.json,hoilc/scoop-lemon
mglahk.json,hoilc/scoop-lemon
pshash.json,hoilc/scoop-lemon
luaperfect.json,hoilc/scoop-lemon
shntool.json,hoilc/scoop-lemon
filesremote.json,hoilc/scoop-lemon
mtputty.json,hoilc/scoop-lemon
multi-gitter.json,hoilc/scoop-lemon
maestro-cli.json,hoilc/scoop-lemon
exeinfo-pe.json,hoilc/scoop-lemon
steascree.json,hoilc/scoop-lemon
sonixd.json,hoilc/scoop-lemon
clash-speedtest.json,hoilc/scoop-lemon
pinniped-cli.json,hoilc/scoop-lemon
kite-todo.json,hoilc/scoop-lemon
nat-type-tester.json,hoilc/scoop-lemon
ts-dns.json,hoilc/scoop-lemon
xvdtool.json,hoilc/scoop-lemon
faac.json,hoilc/scoop-lemon
whisper-cpp-cuda-nightly.json,hoilc/scoop-lemon
typikon.json,hoilc/scoop-lemon
firealpaca.json,hoilc/scoop-lemon
quick-any2ico.json,hoilc/scoop-lemon
dug.json,hoilc/scoop-lemon
bosh-cli.json,hoilc/scoop-lemon
pictor-cn.json,hoilc/scoop-lemon
find.same.images.ok.json,hoilc/scoop-lemon
slsa-verifier.json,hoilc/scoop-lemon
microsoft-error-lookup-tool.json,hoilc/scoop-lemon
keepass-plugin-keepassrdp.json,hoilc/scoop-lemon
rawviewer.json,hoilc/scoop-lemon
logcli.json,hoilc/scoop-lemon
pacaptr.json,hoilc/scoop-lemon
freevk.json,hoilc/scoop-lemon
cloudquery.json,hoilc/scoop-lemon
fastly-cli.json,hoilc/scoop-lemon
privexec.json,hoilc/scoop-lemon
flac_hoilc.json,hoilc/scoop-lemon
tabula-cli.json,hoilc/scoop-lemon
keyviz.json,hoilc/scoop-lemon
maxthon.json,hoilc/scoop-lemon
zmeter.json,hoilc/scoop-lemon
qsctl.json,hoilc/scoop-lemon
balabolka.json,hoilc/scoop-lemon
pdfarranger.json,hoilc/scoop-lemon
statsd_exporter.json,hoilc/scoop-lemon
pixi_hoilc.json,hoilc/scoop-lemon
ntttcp.json,hoilc/scoop-lemon
vcluster_hoilc.json,hoilc/scoop-lemon
projclean.json,hoilc/scoop-lemon
ksign.json,hoilc/scoop-lemon
windows-registry-recovery.json,hoilc/scoop-lemon
dpkgen.json,hoilc/scoop-lemon
wincontig.json,hoilc/scoop-lemon
chanify.json,hoilc/scoop-lemon
par2.json,hoilc/scoop-lemon
axiom-cli.json,hoilc/scoop-lemon
3body-lang.json,hoilc/scoop-lemon
oasis.json,hoilc/scoop-lemon
am-deadlink.json,hoilc/scoop-lemon
autohidemousecursor.json,hoilc/scoop-lemon
lucy.json,hoilc/scoop-lemon
keepass-plugin-keetheme.json,hoilc/scoop-lemon
tweakpdf.json,hoilc/scoop-lemon
cs-script.json,hoilc/scoop-lemon
clickmonitorddc.json,hoilc/scoop-lemon
shanggu-serif-jp.json,hoilc/scoop-lemon
badownloaderui.json,hoilc/scoop-lemon
sideslide.json,hoilc/scoop-lemon
winexit.json,hoilc/scoop-lemon
kvirc.json,hoilc/scoop-lemon
nps-server.json,hoilc/scoop-lemon
sclient.json,hoilc/scoop-lemon
i4tools.json,hoilc/scoop-lemon
ballerina.json,hoilc/scoop-lemon
woterm.json,hoilc/scoop-lemon
msieve.json,hoilc/scoop-lemon
flysee.json,hoilc/scoop-lemon
leaf.json,hoilc/scoop-lemon
influxdb_exporter.json,hoilc/scoop-lemon
novelwriter.json,hoilc/scoop-lemon
juicefs_hoilc.json,hoilc/scoop-lemon
m4acut.json,hoilc/scoop-lemon
drawio.json,hoilc/scoop-lemon
vocabulary.net.json,hoilc/scoop-lemon
spooky-view.json,hoilc/scoop-lemon
lightnovel-crawler.json,hoilc/scoop-lemon
gmcurl.json,hoilc/scoop-lemon
mi-sans-l3.json,hoilc/scoop-lemon
tdengine-server.json,hoilc/scoop-lemon
momento-cli.json,hoilc/scoop-lemon
rundeck-cli.json,hoilc/scoop-lemon
kubecm.json,hoilc/scoop-lemon
classviewer.json,hoilc/scoop-lemon
vgrep.json,hoilc/scoop-lemon
fixcue.json,hoilc/scoop-lemon
verycapture.json,hoilc/scoop-lemon
bmp2png.json,hoilc/scoop-lemon
iroh_hoilc.json,hoilc/scoop-lemon
riemann.json,hoilc/scoop-lemon
chsrc_hoilc.json,hoilc/scoop-lemon
textify.json,hoilc/scoop-lemon
credhub-cli.json,hoilc/scoop-lemon
sonobuoy.json,hoilc/scoop-lemon
tclkitsh.json,hoilc/scoop-lemon
devolutions-launcher.json,hoilc/scoop-lemon
am-notebook.json,hoilc/scoop-lemon
cleanwechatx.json,hoilc/scoop-lemon
feiq.json,hoilc/scoop-lemon
kodo-browser.json,hoilc/scoop-lemon
readcat.json,hoilc/scoop-lemon
otpauth.json,hoilc/scoop-lemon
window-switcher.json,hoilc/scoop-lemon
flyedit.json,hoilc/scoop-lemon
jardiff.json,hoilc/scoop-lemon
spyex.json,hoilc/scoop-lemon
keepassxc-snapshot.json,hoilc/scoop-lemon
catsxp.json,hoilc/scoop-lemon
vmutils.json,hoilc/scoop-lemon
toxiproxy.json,hoilc/scoop-lemon
drmemory_hoilc.json,hoilc/scoop-lemon
cmail.json,hoilc/scoop-lemon
yida.json,hoilc/scoop-lemon
shanggu-sans-tc.json,hoilc/scoop-lemon
helmify.json,hoilc/scoop-lemon
feishin.json,hoilc/scoop-lemon
memurai.json,hoilc/scoop-lemon
readysunvalley.json,hoilc/scoop-lemon
lamedropxpd.json,hoilc/scoop-lemon
biliup-rs.json,hoilc/scoop-lemon
privacy-eraser.json,hoilc/scoop-lemon
topaz.json,hoilc/scoop-lemon
wxwork.json,hoilc/scoop-lemon
ingress2gateway.json,hoilc/scoop-lemon
grype_hoilc.json,hoilc/scoop-lemon
snova-asio.json,hoilc/scoop-lemon
kail.json,hoilc/scoop-lemon
comicenhancepro.json,hoilc/scoop-lemon
onetagger-cli.json,hoilc/scoop-lemon
crane.json,hoilc/scoop-lemon
win11syscheck.json,hoilc/scoop-lemon
media-unlock-test.json,hoilc/scoop-lemon
yank-note.json,hoilc/scoop-lemon
zincsearch.json,hoilc/scoop-lemon
shanggu-sans-jp.json,hoilc/scoop-lemon
cyanrip.json,hoilc/scoop-lemon
portr.json,hoilc/scoop-lemon
victoria-metrics-cluster.json,hoilc/scoop-lemon
sarasa-term-sc-nerd.json,hoilc/scoop-lemon
httpdownloader.json,hoilc/scoop-lemon
bookxnote.json,hoilc/scoop-lemon
danmaku-factory.json,hoilc/scoop-lemon
yale.json,hoilc/scoop-lemon
nextssh.json,hoilc/scoop-lemon
asfenhance.json,hoilc/scoop-lemon
linkbar.json,hoilc/scoop-lemon
gpujpeg.json,hoilc/scoop-lemon
amazon-ec2-metadata-mock.json,hoilc/scoop-lemon
alexandria.json,hoilc/scoop-lemon
gtk-sharp-libs.json,hoilc/scoop-lemon
ipe.json,hoilc/scoop-lemon
gchecksum.json,hoilc/scoop-lemon
tuic.json,hoilc/scoop-lemon
wpinternals.json,hoilc/scoop-lemon
bctextencoder.json,hoilc/scoop-lemon
filefriend.json,hoilc/scoop-lemon
mimirtool.json,hoilc/scoop-lemon
kubeshark_hoilc.json,hoilc/scoop-lemon
twexe.json,hoilc/scoop-lemon
ppftpd.json,hoilc/scoop-lemon
xplist.json,hoilc/scoop-lemon
bennett.json,hoilc/scoop-lemon
bettergi.json,hoilc/scoop-lemon
imgdrive.json,hoilc/scoop-lemon
curlie_hoilc.json,hoilc/scoop-lemon
belautils.json,hoilc/scoop-lemon
yanhuo.json,hoilc/scoop-lemon
freearc.json,hoilc/scoop-lemon
wininfo.json,hoilc/scoop-lemon
mstream.json,hoilc/scoop-lemon
msieve-gpu.json,hoilc/scoop-lemon
blackbox_exporter.json,hoilc/scoop-lemon
balcon.json,hoilc/scoop-lemon
whisper-cpp-nightly.json,hoilc/scoop-lemon
btrace.json,hoilc/scoop-lemon
simplejavamail-cli.json,hoilc/scoop-lemon
caitouyun.json,hoilc/scoop-lemon
ona-pix.json,hoilc/scoop-lemon
anchor-cli.json,hoilc/scoop-lemon
steganographiergui.json,hoilc/scoop-lemon
whisper-model-ggml-tiny.json,hoilc/scoop-lemon
xdown.json,hoilc/scoop-lemon
libportable.json,hoilc/scoop-lemon
desktopnoteok.json,hoilc/scoop-lemon
pulovers-macro-creator.json,hoilc/scoop-lemon
whisper-model-ggml-tiny-en.json,hoilc/scoop-lemon
liii.json,hoilc/scoop-lemon
openbao.json,hoilc/scoop-lemon
blb2txt.json,hoilc/scoop-lemon
srtedit.json,hoilc/scoop-lemon
bark-server.json,hoilc/scoop-lemon
nip2.json,hoilc/scoop-lemon
ibeverythingext.json,hoilc/scoop-lemon
simplehttpserver.json,hoilc/scoop-lemon
adobe-creative-cloud-cleaner-tool.json,hoilc/scoop-lemon
droppoint.json,hoilc/scoop-lemon
b23downloader.json,hoilc/scoop-lemon
tunnelto.json,hoilc/scoop-lemon
kubevpn.json,hoilc/scoop-lemon
fdf.json,hoilc/scoop-lemon
flashpad.json,hoilc/scoop-lemon
keepass-plugin-keepasswinhello.json,hoilc/scoop-lemon
tts-vue.json,hoilc/scoop-lemon
kanha.json,hoilc/scoop-lemon
stereo-photo-maker.json,hoilc/scoop-lemon
pilotedit-lite.json,hoilc/scoop-lemon
wubilex.json,hoilc/scoop-lemon
flydav.json,hoilc/scoop-lemon
xsnip.json,hoilc/scoop-lemon
uwscr.json,hoilc/scoop-lemon
cow.json,hoilc/scoop-lemon
process-compose.json,hoilc/scoop-lemon
bflat_hoilc.json,hoilc/scoop-lemon
djvutoy-eng.json,hoilc/scoop-lemon
grafana-agentctl.json,hoilc/scoop-lemon
fslac.json,hoilc/scoop-lemon
filegogo.json,hoilc/scoop-lemon
filefriend-cn.json,hoilc/scoop-lemon
geekdesk.json,hoilc/scoop-lemon
kubectl-argo-rollouts.json,hoilc/scoop-lemon
windowsgsm.json,hoilc/scoop-lemon
parkdale.json,hoilc/scoop-lemon
kubeconform_hoilc.json,hoilc/scoop-lemon
system-tray-menu.json,hoilc/scoop-lemon
rj-texted.json,hoilc/scoop-lemon
mmdbctl.json,hoilc/scoop-lemon
findstr.json,hoilc/scoop-lemon
suyu.json,hoilc/scoop-lemon
piclist.json,hoilc/scoop-lemon
terminal.icu.json,hoilc/scoop-lemon
nagstamon.json,hoilc/scoop-lemon
paperbak.json,hoilc/scoop-lemon
hap-viewer.json,hoilc/scoop-lemon
flarectl.json,hoilc/scoop-lemon
ryzentuner.json,hoilc/scoop-lemon
sleep.json,hoilc/scoop-lemon
beaver-notes.json,hoilc/scoop-lemon
qpress.json,hoilc/scoop-lemon
lock-cursor-tools.json,hoilc/scoop-lemon
dmpro.json,hoilc/scoop-lemon
ediary3.json,hoilc/scoop-lemon
netchat.json,hoilc/scoop-lemon
uv_hoilc.json,hoilc/scoop-lemon
advanced-portchecker.json,hoilc/scoop-lemon
inso.json,hoilc/scoop-lemon
phrase-cli.json,hoilc/scoop-lemon
pngquant_hoilc.json,hoilc/scoop-lemon
tencent-transmart.json,hoilc/scoop-lemon
artweaver-free.json,hoilc/scoop-lemon
lyricify.json,hoilc/scoop-lemon
snmp_exporter.json,hoilc/scoop-lemon
shanggu-serif-sc.json,hoilc/scoop-lemon
winmemorycleaner.json,hoilc/scoop-lemon
minizip-ng.json,hoilc/scoop-lemon
koyeb-cli.json,hoilc/scoop-lemon
nncp.json,hoilc/scoop-lemon
musictag.json,hoilc/scoop-lemon
copyplusplus_hoilc.json,hoilc/scoop-lemon
libportable-floorp.json,hoilc/scoop-lemon
pestudio.json,hoilc/scoop-lemon
bart.json,hoilc/scoop-lemon
rainlendar-lite.json,hoilc/scoop-lemon
digitalclock4.json,hoilc/scoop-lemon
twolame.json,hoilc/scoop-lemon
aardio.json,hoilc/scoop-lemon
mongodb-compass-isolated.json,hoilc/scoop-lemon
macchina_hoilc.json,hoilc/scoop-lemon
extractnow.json,hoilc/scoop-lemon
errorlookup.json,hoilc/scoop-lemon
copyparty.json,hoilc/scoop-lemon
diskbench.json,hoilc/scoop-lemon
cue_hoilc.json,hoilc/scoop-lemon
wxautoexim.json,hoilc/scoop-lemon
blankandsecure.json,hoilc/scoop-lemon
hotswap.json,hoilc/scoop-lemon
picturecleaner.json,hoilc/scoop-lemon
plebbit-cli.json,hoilc/scoop-lemon
comicsviewer.json,hoilc/scoop-lemon
lettura.json,hoilc/scoop-lemon
aleapp.json,hoilc/scoop-lemon
whisper-model-ggml-small.json,hoilc/scoop-lemon
pipe-rename.json,hoilc/scoop-lemon
waifu2x-snowshell.json,hoilc/scoop-lemon
x2goclient.json,hoilc/scoop-lemon
exiftoolgui.json,hoilc/scoop-lemon
recover_mp4.json,hoilc/scoop-lemon
move2kube.json,hoilc/scoop-lemon
pulumictl.json,hoilc/scoop-lemon
wingetui_hoilc.json,hoilc/scoop-lemon
azqr.json,hoilc/scoop-lemon
freerdp.json,hoilc/scoop-lemon
qscamel.json,hoilc/scoop-lemon
policy.json,hoilc/scoop-lemon
serialtest.json,hoilc/scoop-lemon
keyhac.json,hoilc/scoop-lemon
amber.json,hoilc/scoop-lemon
lunatranslator.json,hoilc/scoop-lemon
objeck.json,hoilc/scoop-lemon
winbin2iso.json,hoilc/scoop-lemon
maple-mono-sc-nerd.json,hoilc/scoop-lemon
dnscontrol.json,hoilc/scoop-lemon
arend.json,hoilc/scoop-lemon
insomnium.json,hoilc/scoop-lemon
cleanmywechat.json,hoilc/scoop-lemon
stream-music.json,hoilc/scoop-lemon
proxypin.json,hoilc/scoop-lemon
tclkit.json,hoilc/scoop-lemon
revanced-cli.json,hoilc/scoop-lemon
keynote-nf.json,hoilc/scoop-lemon
docker-ls.json,hoilc/scoop-lemon
vsts-sync-migrator.json,hoilc/scoop-lemon
faster-whisper-standalone.json,hoilc/scoop-lemon
sylpheed.json,hoilc/scoop-lemon
gam.json,hoilc/scoop-lemon
minirenamer.json,hoilc/scoop-lemon
weron.json,hoilc/scoop-lemon
vfox_hoilc.json,hoilc/scoop-lemon
bililive-go.json,hoilc/scoop-lemon
thesage.json,hoilc/scoop-lemon
odbc2parquet_hoilc.json,hoilc/scoop-lemon
mdx-notes.json,hoilc/scoop-lemon
canal2sql.json,hoilc/scoop-lemon
depotdownloader.json,hoilc/scoop-lemon
mynoteskeeper.json,hoilc/scoop-lemon
whisper-ps.json,hoilc/scoop-lemon
infobar.json,hoilc/scoop-lemon
tcping-go.json,hoilc/scoop-lemon
pdgthumbviewer.json,hoilc/scoop-lemon
redisfish.json,hoilc/scoop-lemon
s3scanner.json,hoilc/scoop-lemon
bitrock-unpacker.json,hoilc/scoop-lemon
bbdown-nightly.json,hoilc/scoop-lemon
collectd_exporter.json,hoilc/scoop-lemon
wj-markdown-editor.json,hoilc/scoop-lemon
stranslate.json,hoilc/scoop-lemon
xrun.json,hoilc/scoop-lemon
trino-cli.json,hoilc/scoop-lemon
besttrace.json,hoilc/scoop-lemon
wintun-libs.json,hoilc/scoop-lemon
foobox6-en.json,hoilc/scoop-lemon
dnscat2-client.json,hoilc/scoop-lemon
ahko.json,hoilc/scoop-lemon
httpx.json,hoilc/scoop-lemon
another-redis-desktop-manager.json,hoilc/scoop-lemon
wc3270.json,hoilc/scoop-lemon
customrp.json,hoilc/scoop-lemon
nats-cli.json,hoilc/scoop-lemon
redis-rdb-cli.json,hoilc/scoop-lemon
nebula-console.json,hoilc/scoop-lemon
tone.json,hoilc/scoop-lemon
duga-player.json,hoilc/scoop-lemon
trzsz_hoilc.json,hoilc/scoop-lemon
kwok.json,hoilc/scoop-lemon
fontmassive.json,hoilc/scoop-lemon
libvips_hoilc.json,hoilc/scoop-lemon
cortextool.json,hoilc/scoop-lemon
primecount.json,hoilc/scoop-lemon
keepass-plugin-keeresize.json,hoilc/scoop-lemon
experienceindexok.json,hoilc/scoop-lemon
opensearch-cli.json,hoilc/scoop-lemon
steghide.json,hoilc/scoop-lemon
windowtop.json,hoilc/scoop-lemon
kbcli.json,hoilc/scoop-lemon
arpsift.json,hoilc/scoop-lemon
ofgb.json,hoilc/scoop-lemon
autocursorlock.json,hoilc/scoop-lemon
mediainfo.net.json,hoilc/scoop-lemon
strings2.json,hoilc/scoop-lemon
librespeed-cli.json,hoilc/scoop-lemon
anime4kcpp-gui.json,hoilc/scoop-lemon
connectagram.json,hoilc/scoop-lemon
whynotwin11.json,hoilc/scoop-lemon
fdkaac.json,hoilc/scoop-lemon
royalts.json,hoilc/scoop-lemon
oggdropxpd-libvorbis.json,hoilc/scoop-lemon
biliuwp-lite.json,hoilc/scoop-lemon
skywalking-cli_hoilc.json,hoilc/scoop-lemon
zeta-resource-editor.json,hoilc/scoop-lemon
whisper-model-ggml-base-en.json,hoilc/scoop-lemon
ainiee.json,hoilc/scoop-lemon
hyplayer.json,hoilc/scoop-lemon
udpping.json,hoilc/scoop-lemon
oppo-sans.json,hoilc/scoop-lemon
bililive-recorder-cli.json,hoilc/scoop-lemon
sql-studio.json,hoilc/scoop-lemon
uwpdumper.json,hoilc/scoop-lemon
winfindr.json,hoilc/scoop-lemon
zotero-beta.json,hoilc/scoop-lemon
container-structure-test.json,hoilc/scoop-lemon
doublekiller.json,hoilc/scoop-lemon
pint.json,hoilc/scoop-lemon
tdengine-client.json,hoilc/scoop-lemon
vtex2.json,hoilc/scoop-lemon
videoduplicatefinder.json,hoilc/scoop-lemon
duf_hoilc.json,hoilc/scoop-lemon
kube-burner.json,hoilc/scoop-lemon
dontsleep.json,hoilc/scoop-lemon
graphite_exporter.json,hoilc/scoop-lemon
treeline.json,hoilc/scoop-lemon
twinkstar.json,hoilc/scoop-lemon
infracost.json,hoilc/scoop-lemon
chirp.json,hoilc/scoop-lemon
bookget.json,hoilc/scoop-lemon
jprq.json,hoilc/scoop-lemon
ismylcdok.json,hoilc/scoop-lemon
tracerx-viewer.json,hoilc/scoop-lemon
ultrasearch.json,hoilc/scoop-lemon
shutter.json,hoilc/scoop-lemon
picard.json,hoilc/scoop-lemon
sunny.json,hoilc/scoop-lemon
summon.json,hoilc/scoop-lemon
yolx.json,hoilc/scoop-lemon
jp_hoilc.json,hoilc/scoop-lemon
kui.json,hoilc/scoop-lemon
fork-cleaner.json,hoilc/scoop-lemon
kubectl-buildkit.json,hoilc/scoop-lemon
gsutil.json,hoilc/scoop-lemon
malware-patch.json,hoilc/scoop-lemon
moonbit.json,hoilc/scoop-lemon
steam-cloud-file-manager.json,hoilc/scoop-lemon
rpk.json,hoilc/scoop-lemon
stegify.json,hoilc/scoop-lemon
beeceptor-cli.json,hoilc/scoop-lemon
dooit.json,hoilc/scoop-lemon
jpegoptim_hoilc.json,hoilc/scoop-lemon
pictor.json,hoilc/scoop-lemon
mtail.json,hoilc/scoop-lemon
qshell.json,hoilc/scoop-lemon
png2qoi.json,hoilc/scoop-lemon
imgpkg.json,hoilc/scoop-lemon
maxthon5.json,hoilc/scoop-lemon
autok3s.json,hoilc/scoop-lemon
whisper-cpp-blas-nightly.json,hoilc/scoop-lemon
securefs.json,hoilc/scoop-lemon
kindle-comic-creator.json,hoilc/scoop-lemon
miniserve_hoilc.json,hoilc/scoop-lemon
zpaq.json,hoilc/scoop-lemon
oneanime.json,hoilc/scoop-lemon
fanhuaji.json,hoilc/scoop-lemon
riftshare.json,hoilc/scoop-lemon
quickjs.json,hoilc/scoop-lemon
juju.json,hoilc/scoop-lemon
textanalysistool.json,hoilc/scoop-lemon
spacectl.json,hoilc/scoop-lemon
xelitan-pdf-reader.json,hoilc/scoop-lemon
seabird.json,hoilc/scoop-lemon
malm.json,hoilc/scoop-lemon
shanggu-serif-tc.json,hoilc/scoop-lemon
rhit.json,hoilc/scoop-lemon
wintousb-free.json,hoilc/scoop-lemon
deck.json,hoilc/scoop-lemon
keepass-plugin-keepassotp.json,hoilc/scoop-lemon
gosmee.json,hoilc/scoop-lemon
code-radio-cli.json,hoilc/scoop-lemon
amass_hoilc.json,hoilc/scoop-lemon
kubedb-cli.json,hoilc/scoop-lemon
karma.json,hoilc/scoop-lemon
nexusfile.json,hoilc/scoop-lemon
cppcryptfsctl_hoilc.json,hoilc/scoop-lemon
slimpdfreader.json,hoilc/scoop-lemon
ccode.json,hoilc/scoop-lemon
tlsx.json,hoilc/scoop-lemon
onenote-md-exporter.json,hoilc/scoop-lemon
bcm.json,hoilc/scoop-lemon
window-sharing-hider.json,hoilc/scoop-lemon
privaxy-nogui.json,hoilc/scoop-lemon
kikoplay.json,hoilc/scoop-lemon
imgdrivelite.json,hoilc/scoop-lemon
cdsctl.json,hoilc/scoop-lemon
glasskube.json,hoilc/scoop-lemon
pineapple-pictures.json,hoilc/scoop-lemon
lyricease.json,hoilc/scoop-lemon
tweakpng.json,hoilc/scoop-lemon
antidupl.net.json,hoilc/scoop-lemon
talisman.json,hoilc/scoop-lemon
milvus_cli.json,hoilc/scoop-lemon
double-entry-generator.json,hoilc/scoop-lemon
avidemux-nightly.json,hoilc/scoop-lemon
electronmail.json,hoilc/scoop-lemon
oda-file-converter.json,hoilc/scoop-lemon
noisy-shuttle.json,hoilc/scoop-lemon
kgctl.json,hoilc/scoop-lemon
start-reader.json,hoilc/scoop-lemon
neat-reader.json,hoilc/scoop-lemon
zhconv-rs.json,hoilc/scoop-lemon
ctstraffic.json,hoilc/scoop-lemon
dtlspipe.json,hoilc/scoop-lemon
libavif_hoilc.json,hoilc/scoop-lemon
spline.json,hoilc/scoop-lemon
imgdrivecmd.json,hoilc/scoop-lemon
jotta-cli-unstable.json,hoilc/scoop-lemon
akelpad.json,hoilc/scoop-lemon
wifi-filter-tool.json,hoilc/scoop-lemon
autohidedesktopicons.json,hoilc/scoop-lemon
loophole-cli.json,hoilc/scoop-lemon
ghostunnel.json,hoilc/scoop-lemon
cpix.json,hoilc/scoop-lemon
codefresh-cli.json,hoilc/scoop-lemon
vgmstream-cli.json,hoilc/scoop-lemon
oplus-sans.json,hoilc/scoop-lemon
earthly_hoilc.json,hoilc/scoop-lemon
ips.json,hoilc/scoop-lemon
gost@2.json,hoilc/scoop-lemon
nbtscan.json,hoilc/scoop-lemon
imtip.json,hoilc/scoop-lemon
kube-capacity.json,hoilc/scoop-lemon
custommenu.json,hoilc/scoop-lemon
imonitor.json,hoilc/scoop-lemon
localstack.json,hoilc/scoop-lemon
sendme.json,hoilc/scoop-lemon
fupx.json,hoilc/scoop-lemon
zrok.json,hoilc/scoop-lemon
bazelisk_hoilc.json,hoilc/scoop-lemon
cjk-romanizer.json,hoilc/scoop-lemon
cosmo-emacs.json,hoilc/scoop-lemon
maple-mono.json,hoilc/scoop-lemon
etcder.json,hoilc/scoop-lemon
simple-x264-launcher.json,hoilc/scoop-lemon
comicsviewer-eng.json,hoilc/scoop-lemon
hostess.json,hoilc/scoop-lemon
kaminari.json,hoilc/scoop-lemon
vcardeditor.json,hoilc/scoop-lemon
nasm-snapshot.json,hoilc/scoop-lemon
multidesk.json,hoilc/scoop-lemon
alixby.json,hoilc/scoop-lemon
mieru.json,hoilc/scoop-lemon
jj_hoilc.json,hoilc/scoop-lemon
qsvenc.json,hoilc/scoop-lemon
ossutil@2.json,hoilc/scoop-lemon
mouseinc.json,hoilc/scoop-lemon
httpmaster-express.json,hoilc/scoop-lemon
goss.json,hoilc/scoop-lemon
mi-sans.json,hoilc/scoop-lemon
foobox-cn.json,hoilc/scoop-lemon
cozo.json,hoilc/scoop-lemon
dataflare.json,hoilc/scoop-lemon
pixpin-beta.json,hoilc/scoop-lemon
postgres_exporter.json,hoilc/scoop-lemon
binjr.json,hoilc/scoop-lemon
cpolar.json,hoilc/scoop-lemon
wechatbaktool.json,hoilc/scoop-lemon
usbeam-hosts-editor_hoilc.json,hoilc/scoop-lemon
aws-copilot-cli.json,hoilc/scoop-lemon
libportable-floorp-lightning.json,hoilc/scoop-lemon
azpainter2.json,hoilc/scoop-lemon
nordpass.json,hoilc/scoop-lemon
agent-ransack.json,hoilc/scoop-lemon
cosmo-rsync.json,hoilc/scoop-lemon
windows-terminal-quake.json,hoilc/scoop-lemon
wimlib_hoilc.json,hoilc/scoop-lemon
reg.json,hoilc/scoop-lemon
chfs-gui_hoilc.json,hoilc/scoop-lemon
zip2dir.json,hoilc/scoop-lemon
vscli.json,hoilc/scoop-lemon
databricks-cli.json,hoilc/scoop-lemon
oggdec.json,hoilc/scoop-lemon
athena-a.json,hoilc/scoop-lemon
udpspeeder.json,hoilc/scoop-lemon
neeview.json,hoilc/scoop-lemon
stickies_hoilc.json,hoilc/scoop-lemon
adpcm-xq.json,hoilc/scoop-lemon
library.net.json,hoilc/scoop-lemon
step.json,hoilc/scoop-lemon
maxlauncher.json,hoilc/scoop-lemon
multidesk-chs.json,hoilc/scoop-lemon
rrdtool.json,hoilc/scoop-lemon
bedford.json,hoilc/scoop-lemon
starter.json,hoilc/scoop-lemon
aws-auth.json,hoilc/scoop-lemon
technitium-dns-server.json,hoilc/scoop-lemon
innounpacker.json,hoilc/scoop-lemon
easy-cat-timer.json,hoilc/scoop-lemon
tablacus-explorer.json,hoilc/scoop-lemon
slumber.json,hoilc/scoop-lemon
cryptoknife.json,hoilc/scoop-lemon
esheep.json,hoilc/scoop-lemon
dblab.json,hoilc/scoop-lemon
glooctl-beta.json,hoilc/scoop-lemon
spark-ai-cli.json,hoilc/scoop-lemon
nvenc.json,hoilc/scoop-lemon
gickup.json,hoilc/scoop-lemon
uupmediacreator.json,hoilc/scoop-lemon
rdb-cli.json,hoilc/scoop-lemon
grit.json,hoilc/scoop-lemon
imageworsener.json,hoilc/scoop-lemon
resamplescope.json,hoilc/scoop-lemon
dufs_hoilc.json,hoilc/scoop-lemon
assetripper.json,hoilc/scoop-lemon
seppdf.json,hoilc/scoop-lemon
qwiktape.json,hoilc/scoop-lemon
thumbcacheviewer.json,hoilc/scoop-lemon
vmutils-enterprise.json,hoilc/scoop-lemon
deeplx.json,hoilc/scoop-lemon
simulide.json,hoilc/scoop-lemon
clash-rs.json,hoilc/scoop-lemon
lossywav.json,hoilc/scoop-lemon
kftui.json,hoilc/scoop-lemon
mturoute.json,hoilc/scoop-lemon
rav1e-gui.json,hoilc/scoop-lemon
hysteria.json,hoilc/scoop-lemon
cosmos.json,hoilc/scoop-lemon
opal.json,hoilc/scoop-lemon
windows_exporter.json,hoilc/scoop-lemon
csvbuddy.json,hoilc/scoop-lemon
wgcf-cli.json,hoilc/scoop-lemon
inimod.json,hoilc/scoop-lemon
tetzle.json,hoilc/scoop-lemon
victoria-metrics.json,hoilc/scoop-lemon
pscale.json,hoilc/scoop-lemon
wau-manager.json,hoilc/scoop-lemon
rssguard.json,hoilc/scoop-lemon
berglas.json,hoilc/scoop-lemon
portx.json,hoilc/scoop-lemon
manyverse.json,hoilc/scoop-lemon
ehco.json,hoilc/scoop-lemon
becky.json,hoilc/scoop-lemon
obsutil.json,hoilc/scoop-lemon
dbgate-beta.json,hoilc/scoop-lemon
minder.json,hoilc/scoop-lemon
nuclei.json,hoilc/scoop-lemon
vlogscli.json,hoilc/scoop-lemon
score-k8s.json,hoilc/scoop-lemon
keepass-plugin-hibpofflinecheck.json,hoilc/scoop-lemon
ark-pixel-font-10px-proportional.json,hoilc/scoop-lemon
bkviewer.json,hoilc/scoop-lemon
smiley-sans.json,hoilc/scoop-lemon
vtfedit-reloaded.json,hoilc/scoop-lemon
scryer-prolog.json,hoilc/scoop-lemon
tinyimageprocessor.json,hoilc/scoop-lemon
drmemory-nightly.json,hoilc/scoop-lemon
altsnap.json,hoilc/scoop-lemon
pinwin.json,hoilc/scoop-lemon
quick-change-resolution.json,hoilc/scoop-lemon
alephnote.json,hoilc/scoop-lemon
dorion.json,hoilc/scoop-lemon
strarc.json,hoilc/scoop-lemon
crosspaste.json,hoilc/scoop-lemon
task-explorer.json,hoilc/scoop-lemon
1remote.json,hoilc/scoop-lemon
kosli.json,hoilc/scoop-lemon
winfi-lite.json,hoilc/scoop-lemon
xpipe.json,hoilc/scoop-lemon
shanggu-serif.json,hoilc/scoop-lemon
subtitle-renamer.json,hoilc/scoop-lemon
cmailgui.json,hoilc/scoop-lemon
uplink.json,hoilc/scoop-lemon
xboxdownload.json,hoilc/scoop-lemon
tun2brook.json,hoilc/scoop-lemon
n_m3u8dl-cli_hoilc.json,hoilc/scoop-lemon
w2vgrep.json,hoilc/scoop-lemon
rimage_gui.json,hoilc/scoop-lemon
paperlib.json,hoilc/scoop-lemon
terrascan.json,hoilc/scoop-lemon
gottet.json,hoilc/scoop-lemon
resource.net.json,hoilc/scoop-lemon
pixelflasher.json,hoilc/scoop-lemon
deark.json,hoilc/scoop-lemon
kcl.json,hoilc/scoop-lemon
winasar.json,hoilc/scoop-lemon
stegsolve.json,hoilc/scoop-lemon
biyi.json,hoilc/scoop-lemon
pdfgear.json,hoilc/scoop-lemon
glow_hoilc.json,hoilc/scoop-lemon
notcpucores.json,hoilc/scoop-lemon
processdump.json,hoilc/scoop-lemon
vultr-cli.json,hoilc/scoop-lemon
telepresence.json,hoilc/scoop-lemon
iiscrypto.json,hoilc/scoop-lemon
readpe.json,hoilc/scoop-lemon
viper.json,hoilc/scoop-lemon
onetagger.json,hoilc/scoop-lemon
keycastow.json,hoilc/scoop-lemon
archisteamfarm_hoilc.json,hoilc/scoop-lemon
realm-studio.json,hoilc/scoop-lemon
mongodb-compass.json,hoilc/scoop-lemon
rmedir.json,hoilc/scoop-lemon
scarborough.json,hoilc/scoop-lemon
redis-shake.json,hoilc/scoop-lemon
imagesearch.json,hoilc/scoop-lemon
elasticsearch_exporter.json,hoilc/scoop-lemon
otfcc.json,hoilc/scoop-lemon
ztm.json,hoilc/scoop-lemon
coscli.json,hoilc/scoop-lemon
smuxi.json,hoilc/scoop-lemon
cassowary.json,hoilc/scoop-lemon
petaclone.json,hoilc/scoop-lemon
argc.json,hoilc/scoop-lemon
splayer-legacy.json,hoilc/scoop-lemon
nebula-importer.json,hoilc/scoop-lemon
uptoc.json,hoilc/scoop-lemon
capnproto.json,hoilc/scoop-lemon
edgedb-cli.json,hoilc/scoop-lemon
whisper-cli.json,hoilc/scoop-lemon
dapr.json,hoilc/scoop-lemon
upgit.json,hoilc/scoop-lemon
sidekick.json,hoilc/scoop-lemon
astro-cli.json,hoilc/scoop-lemon
juicity.json,hoilc/scoop-lemon
whisper-model-ggml-large-v1.json,hoilc/scoop-lemon
uyou-todo.json,hoilc/scoop-lemon
setuna2.json,hoilc/scoop-lemon
kyverno-cli_hoilc.json,hoilc/scoop-lemon
heroic.json,hoilc/scoop-lemon
rnacos.json,hoilc/scoop-lemon
7zip-zs.json,hoilc/scoop-lemon
task-manager-deluxe.json,hoilc/scoop-lemon
rspleeter.json,hoilc/scoop-lemon
x-spider.json,hoilc/scoop-lemon
snipsvg.json,hoilc/scoop-lemon
werf.json,hoilc/scoop-lemon
dnote.json,hoilc/scoop-lemon
monkeysaudio.json,hoilc/scoop-lemon
jar-analyzer.json,hoilc/scoop-lemon
tilt.json,hoilc/scoop-lemon
sdx.json,hoilc/scoop-lemon
meepo.json,hoilc/scoop-lemon
watchcat.json,hoilc/scoop-lemon
wxdatviewer.json,hoilc/scoop-lemon
kubeaudit.json,hoilc/scoop-lemon
msmbps.json,hoilc/scoop-lemon
terminus-player.json,hoilc/scoop-lemon
actions-usage.json,hoilc/scoop-lemon
live777.json,hoilc/scoop-lemon
javsp.json,hoilc/scoop-lemon
videofusion.json,hoilc/scoop-lemon
bleconsole.json,hoilc/scoop-lemon
pure-data.json,hoilc/scoop-lemon
vesta.json,hoilc/scoop-lemon
makesfx.json,hoilc/scoop-lemon
snap.hutao.json,hoilc/scoop-lemon
benthos.json,hoilc/scoop-lemon
nitroshare.json,hoilc/scoop-lemon
tsac.json,hoilc/scoop-lemon
rawsniff.json,hoilc/scoop-lemon
osm.json,hoilc/scoop-lemon
copyparty-u2c.json,hoilc/scoop-lemon
teamide.json,hoilc/scoop-lemon
myqrcodescanner.json,hoilc/scoop-lemon
echosync.json,hoilc/scoop-lemon
speex.json,hoilc/scoop-lemon
dbgate.json,hoilc/scoop-lemon
spring-boot-migrator.json,hoilc/scoop-lemon
gost.json,hoilc/scoop-lemon
tockler_hoilc.json,hoilc/scoop-lemon
clickshow.json,hoilc/scoop-lemon
usbeam-consoles-dns.json,hoilc/scoop-lemon
alisthelper.json,hoilc/scoop-lemon
subfinder.json,hoilc/scoop-lemon
ovftool.json,hoilc/scoop-lemon
pointerstick.json,hoilc/scoop-lemon
hexalate.json,hoilc/scoop-lemon
everedit2.json,hoilc/scoop-lemon
redumper.json,hoilc/scoop-lemon
iaito.json,hoilc/scoop-lemon
whisper-model-ggml-large.json,hoilc/scoop-lemon
1key.run.json,hoilc/scoop-lemon
wiznoteplus.json,hoilc/scoop-lemon
douyin.json,hoilc/scoop-lemon
loophole-desktop.json,hoilc/scoop-lemon
mycomputermanager.json,hoilc/scoop-lemon
biniware-run.json,hoilc/scoop-lemon
wx3270.json,hoilc/scoop-lemon
niconvert.json,hoilc/scoop-lemon
whisper-model-ggml-small-en.json,hoilc/scoop-lemon
k8sgpt.json,hoilc/scoop-lemon
qsftpd.json,hoilc/scoop-lemon
hamsterbase-desktop.json,hoilc/scoop-lemon
comicenhancepro-eng.json,hoilc/scoop-lemon
rekor-cli.json,hoilc/scoop-lemon
autocorrect_hoilc.json,hoilc/scoop-lemon
fstail.json,hoilc/scoop-lemon
flyhotkey.json,hoilc/scoop-lemon
ffuf_hoilc.json,hoilc/scoop-lemon
appfire-cli.json,hoilc/scoop-lemon
bendsql.json,hoilc/scoop-lemon
editrename.json,hoilc/scoop-lemon
splunk-acs-cli.json,hoilc/scoop-lemon
baidupcs-go.json,hoilc/scoop-lemon
findstr-eng.json,hoilc/scoop-lemon
zpaqfranz.json,hoilc/scoop-lemon
ytt_hoilc.json,hoilc/scoop-lemon
peg-e.json,hoilc/scoop-lemon
whisper-model-ggml-medium.json,hoilc/scoop-lemon
primesieve.json,hoilc/scoop-lemon
mediainfoxp.json,hoilc/scoop-lemon
4dnat.json,hoilc/scoop-lemon
screego.json,hoilc/scoop-lemon
ikago.json,hoilc/scoop-lemon
shanggu-mono.json,hoilc/scoop-lemon
fpm.json,hoilc/scoop-lemon
r3playx.json,hoilc/scoop-lemon
soundswitch.json,hoilc/scoop-lemon
hostsx.json,hoilc/scoop-lemon
txedu.json,hoilc/scoop-lemon
spin.json,hoilc/scoop-lemon
monochrome.json,hoilc/scoop-lemon
timevertor.json,hoilc/scoop-lemon
ipinfo.json,hoilc/scoop-lemon
syndicationd.json,hoilc/scoop-lemon
iplookup.json,hoilc/scoop-lemon
skylark.json,hoilc/scoop-lemon
anto.json,hoilc/scoop-lemon
bluetoothle-battery-monitor.json,hoilc/scoop-lemon
access.json,hoilc/scoop-lemon
mongodb-compass-readonly.json,hoilc/scoop-lemon
opentrace.json,hoilc/scoop-lemon
jotta-cli.json,hoilc/scoop-lemon
magnifixer.json,hoilc/scoop-lemon
hmp3.json,hoilc/scoop-lemon
complete-internet-repair.json,hoilc/scoop-lemon
store-apps-tool.json,hoilc/scoop-lemon
xplorer.json,hoilc/scoop-lemon
tinyportmapper.json,hoilc/scoop-lemon
spire.json,hoilc/scoop-lemon
ytdlp.json,hoilc/scoop-lemon
wing-101.json,hoilc/scoop-lemon
quick-access-popup.json,hoilc/scoop-lemon
enigma-virtual-box.json,hoilc/scoop-lemon
whisper-desktop.json,hoilc/scoop-lemon
goose.json,hoilc/scoop-lemon
mai.gif.json,hoilc/scoop-lemon
dwarfs.json,hoilc/scoop-lemon
ark-pixel-font-12px-monospaced.json,hoilc/scoop-lemon
pdgcnteditor.json,hoilc/scoop-lemon
nomeiryoui_hoilc.json,hoilc/scoop-lemon
whisper-model-ggml-medium-en.json,hoilc/scoop-lemon
pdgcnteditor-eng.json,hoilc/scoop-lemon
remnote.json,hoilc/scoop-lemon
facebook-delete.json,hoilc/scoop-lemon
notation.json,hoilc/scoop-lemon
swagger-codegen-cli@2.json,hoilc/scoop-lemon
little-tips.json,hoilc/scoop-lemon
keepass-plugin-kpenhentryview.json,hoilc/scoop-lemon
gbm.json,hoilc/scoop-lemon
ja-netfilter.json,hoilc/scoop-lemon
tunnelmole.json,hoilc/scoop-lemon
asnmap.json,hoilc/scoop-lemon
tiny-rdm.json,hoilc/scoop-lemon
sing-box_hoilc.json,hoilc/scoop-lemon
freepic2pdf.json,hoilc/scoop-lemon
katana.json,hoilc/scoop-lemon
tlrc_hoilc.json,hoilc/scoop-lemon
legendary_hoilc.json,hoilc/scoop-lemon
hop-cli.json,hoilc/scoop-lemon
tiejili.json,hoilc/scoop-lemon
oneloupe.json,hoilc/scoop-lemon
wind.json,hoilc/scoop-lemon
betterbird.json,hoilc/scoop-lemon
lazykube.json,hoilc/scoop-lemon
wing-personal.json,hoilc/scoop-lemon
ack-ram-tool.json,hoilc/scoop-lemon
integer-scaler.json,hoilc/scoop-lemon
garden.json,hoilc/scoop-lemon
zfind.json,hoilc/scoop-lemon
riot-optimizer.json,hoilc/scoop-lemon
hitomi-downloader.json,hoilc/scoop-lemon
smassh.json,hoilc/scoop-lemon
simsu.json,hoilc/scoop-lemon
clarinet.json,hoilc/scoop-lemon
bsc.json,hoilc/scoop-lemon
score-compose.json,hoilc/scoop-lemon
mqtt-cli.json,hoilc/scoop-lemon
fluent-bit.json,hoilc/scoop-lemon
shoutrrr.json,hoilc/scoop-lemon
jar-obfuscator.json,hoilc/scoop-lemon
victoria.json,hoilc/scoop-lemon
shanggu-mono-jp.json,hoilc/scoop-lemon
capture.net.json,hoilc/scoop-lemon
pdg2pic.json,hoilc/scoop-lemon
soar.json,hoilc/scoop-lemon
sakurafrp-launcher.json,hoilc/scoop-lemon
syft_hoilc.json,hoilc/scoop-lemon
cutemaze.json,hoilc/scoop-lemon
stripe-cli.json,hoilc/scoop-lemon
ediary_hoilc.json,hoilc/scoop-lemon
ppee.json,hoilc/scoop-lemon
pvm.json,hoilc/scoop-lemon
pagebypage.json,hoilc/scoop-lemon
teller.json,hoilc/scoop-lemon
proxyfor.json,hoilc/scoop-lemon
privaxy.json,hoilc/scoop-lemon
kusionup.json,hoilc/scoop-lemon
pode.json,hoilc/scoop-lemon
fontmod.json,hoilc/scoop-lemon
tsuru.json,hoilc/scoop-lemon
foldermonitor.json,hoilc/scoop-lemon
categraf.json,hoilc/scoop-lemon
kubeseal_hoilc.json,hoilc/scoop-lemon
jmx_exporter.json,hoilc/scoop-lemon
keepass-plugin-kpscript.json,hoilc/scoop-lemon
virtctl.json,hoilc/scoop-lemon
libportable-iceweasel.json,hoilc/scoop-lemon
overture.json,hoilc/scoop-lemon
go-p2ptunnel.json,hoilc/scoop-lemon
jujutsu.json,hoilc/scoop-lemon
enjoy.json,hoilc/scoop-lemon
runcat.json,hoilc/scoop-lemon
chfs_hoilc.json,hoilc/scoop-lemon
simple-firefox-backup.json,hoilc/scoop-lemon
azd.json,hoilc/scoop-lemon
craftbasic.json,hoilc/scoop-lemon
switchfin.json,hoilc/scoop-lemon
xiaolai.json,hoilc/scoop-lemon
orange.json,hoilc/scoop-lemon
zpaqfranz-pakka.json,hoilc/scoop-lemon
anime4kcpp-cli.json,hoilc/scoop-lemon
rare_hoilc.json,hoilc/scoop-lemon
fanctrl.json,hoilc/scoop-lemon
cmctl_hoilc.json,hoilc/scoop-lemon
alire.json,hoilc/scoop-lemon
icloudpd.json,hoilc/scoop-lemon
cefflashbrowser.json,hoilc/scoop-lemon
localxpose.json,hoilc/scoop-lemon
cdrtfe.json,hoilc/scoop-lemon
clash2singbox.json,hoilc/scoop-lemon
oggenc2-libvorbis-aotuv.json,hoilc/scoop-lemon
snctl.json,hoilc/scoop-lemon
briar.json,hoilc/scoop-lemon
falabaac.json,hoilc/scoop-lemon
homedale_hoilc.json,hoilc/scoop-lemon
tinygui.json,hoilc/scoop-lemon
tetrs.json,hoilc/scoop-lemon
proxify.json,hoilc/scoop-lemon
a2fa.json,hoilc/scoop-lemon
clashn.json,hoilc/scoop-lemon
interactsh.json,hoilc/scoop-lemon
jib-cli.json,hoilc/scoop-lemon
linux-reader.json,hoilc/scoop-lemon
avidemux.json,hoilc/scoop-lemon
hiddify.json,hoilc/scoop-lemon
cosbrowser_hoilc.json,hoilc/scoop-lemon
terraformer_hoilc.json,hoilc/scoop-lemon
focuswriter.json,hoilc/scoop-lemon
textlocator.json,hoilc/scoop-lemon
exhale.json,hoilc/scoop-lemon
udp2raw.json,hoilc/scoop-lemon
pixzip-lite.json,hoilc/scoop-lemon
invisiwind.json,hoilc/scoop-lemon
us3fs.json,hoilc/scoop-lemon
klog.json,hoilc/scoop-lemon
grafana-agent.json,hoilc/scoop-lemon
removable-access-tool.json,hoilc/scoop-lemon
trellis-cli.json,hoilc/scoop-lemon
64gram.json,hoilc/scoop-lemon
emby-pinyin.json,hoilc/scoop-lemon
openra_hoilc.json,hoilc/scoop-lemon
terranetes-cli.json,hoilc/scoop-lemon
pazera-free-audio-extractor.json,hoilc/scoop-lemon
rathole_hoilc.json,hoilc/scoop-lemon
libportable-iceweasel-zh-cn.json,hoilc/scoop-lemon
signalbackup-tools.json,hoilc/scoop-lemon
ffrename.json,hoilc/scoop-lemon
koocli.json,hoilc/scoop-lemon
winobjex64.json,hoilc/scoop-lemon
radius_hoilc.json,hoilc/scoop-lemon
helio.json,hoilc/scoop-lemon
rssguard-nightly.json,hoilc/scoop-lemon
kcptun_hoilc.json,hoilc/scoop-lemon
windows-update-blocker.json,hoilc/scoop-lemon
redpanda-connect.json,hoilc/scoop-lemon
wpd.json,hoilc/scoop-lemon
hysteria2.json,hoilc/scoop-lemon
jellyfin-media-player.json,hoilc/scoop-lemon
lucky.json,hoilc/scoop-lemon
memcached_exporter.json,hoilc/scoop-lemon
oggenc2-libvorbis-aotuv-lancer.json,hoilc/scoop-lemon
victoria-logs.json,hoilc/scoop-lemon
lanthora.candy.json,hoilc/scoop-lemon
pingo.json,hoilc/scoop-lemon
fenrirfs.json,hoilc/scoop-lemon
gcping.json,hoilc/scoop-lemon
syncclipboard.json,hoilc/scoop-lemon
lsmash-muxer-gui.json,hoilc/scoop-lemon
vineflower.json,hoilc/scoop-lemon
nexttrace-enhanced.json,hoilc/scoop-lemon
dbmigration.net.json,hoilc/scoop-lemon
rickrack.json,hoilc/scoop-lemon
tanglet.json,hoilc/scoop-lemon
shanggu-mono-sc.json,hoilc/scoop-lemon
oggenc2-libvorbis.json,hoilc/scoop-lemon
faad2.json,hoilc/scoop-lemon
vivetool-gui.json,hoilc/scoop-lemon
arp-ping.json,hoilc/scoop-lemon
path-locate.json,hoilc/scoop-lemon
iwck.json,hoilc/scoop-lemon
audio-router.json,hoilc/scoop-lemon
tsmuxer.json,hoilc/scoop-lemon
fuso.json,hoilc/scoop-lemon
sandboxdiff.json,hoilc/scoop-lemon
redpandacpp.json,hoilc/scoop-lemon
bililive-recorder.json,hoilc/scoop-lemon
jaeger.json,hoilc/scoop-lemon
tidgi.json,hoilc/scoop-lemon
arrowdl.json,hoilc/scoop-lemon
duckling.json,hoilc/scoop-lemon
odigos.json,hoilc/scoop-lemon
litomusic.json,hoilc/scoop-lemon
biliup.json,hoilc/scoop-lemon
gif123.json,hoilc/scoop-lemon
evernote2onenote.json,hoilc/scoop-lemon
qmmp.json,hoilc/scoop-lemon
stable-diffusion-prompt-reader.json,hoilc/scoop-lemon
hybrid.json,hoilc/scoop-lemon
downkyi_hoilc.json,hoilc/scoop-lemon
shutter-encoder.json,hoilc/scoop-lemon
exdupe.json,hoilc/scoop-lemon
mysqld_exporter.json,hoilc/scoop-lemon
crypto-notepad.json,hoilc/scoop-lemon
cosmo-pigz.json,hoilc/scoop-lemon
flix.json,hoilc/scoop-lemon
tcptunnel.json,hoilc/scoop-lemon
k0sctl.json,hoilc/scoop-lemon
popeye.json,hoilc/scoop-lemon
azdrawing2.json,hoilc/scoop-lemon
voice.json,hoilc/scoop-lemon
minipad2.json,hoilc/scoop-lemon
excalidraw-converter.json,hoilc/scoop-lemon
sheas-cealer_hoilc.json,hoilc/scoop-lemon
lpvpn.json,hoilc/scoop-lemon
serverbox.json,hoilc/scoop-lemon
brook.json,hoilc/scoop-lemon
fusion-lang.json,hoilc/scoop-lemon
openra-playtest.json,hoilc/scoop-lemon
colorconsole.json,hoilc/scoop-lemon
naabu.json,hoilc/scoop-lemon
mahou.json,hoilc/scoop-lemon
gostctl.json,hoilc/scoop-lemon
jnv.json,hoilc/scoop-lemon
lukestackwalker.json,hoilc/scoop-lemon
dumbpipe.json,hoilc/scoop-lemon
wgcf_hoilc.json,hoilc/scoop-lemon
kapow.json,hoilc/scoop-lemon
tl.json,hoilc/scoop-lemon
oggdropxpd-libvorbis-aotuv.json,hoilc/scoop-lemon
amtool.json,hoilc/scoop-lemon
chkssl.json,hoilc/scoop-lemon
sftpgo_hoilc.json,hoilc/scoop-lemon
tssh_hoilc.json,hoilc/scoop-lemon
rav1e.json,hoilc/scoop-lemon
zhuque-fangsong.json,hoilc/scoop-lemon
clockpod.json,hoilc/scoop-lemon
good-mitm.json,hoilc/scoop-lemon
spleeter-gui.json,hoilc/scoop-lemon
noteme.json,hoilc/scoop-lemon
slunkcrypt.json,hoilc/scoop-lemon
tcping_hoilc.json,hoilc/scoop-lemon
mbox-viewer.json,hoilc/scoop-lemon
webd.json,hoilc/scoop-lemon
regclient.json,hoilc/scoop-lemon
zip2dir-eng.json,hoilc/scoop-lemon
harmonyos-sans.json,hoilc/scoop-lemon
1history.json,hoilc/scoop-lemon
maye-lite.json,hoilc/scoop-lemon
vorbis-tools.json,hoilc/scoop-lemon
ossutil_hoilc.json,hoilc/scoop-lemon
codefresh-cli-v2.json,hoilc/scoop-lemon
yuveye.json,hoilc/scoop-lemon
lal.json,hoilc/scoop-lemon
tanka.json,hoilc/scoop-lemon
gitlab-release-cli_hoilc.json,hoilc/scoop-lemon
zoro.json,hoilc/scoop-lemon
ileapp.json,hoilc/scoop-lemon
emby.json,hoilc/scoop-lemon
hubble.json,hoilc/scoop-lemon
skupper-cli.json,hoilc/scoop-lemon
colored-text.json,hoilc/scoop-lemon
go-wol.json,hoilc/scoop-lemon
dictionary.net.json,hoilc/scoop-lemon
pixpin.json,hoilc/scoop-lemon
nohttp-cli.json,hoilc/scoop-lemon
stegsnow.json,hoilc/scoop-lemon
ark-pixel-font-10px-monospaced.json,hoilc/scoop-lemon
exescope-ha.json,hoilc/scoop-lemon
us3cli.json,hoilc/scoop-lemon
nps-client_hoilc.json,hoilc/scoop-lemon
odfe-cli.json,hoilc/scoop-lemon
checkstyle.json,hoilc/scoop-lemon
uncover.json,hoilc/scoop-lemon
emby-plugin-metatube.json,hoilc/scoop-lemon
rawcopy.json,hoilc/scoop-lemon
faster-whisper-xxl.json,hoilc/scoop-lemon
turbowarp.json,hoilc/scoop-lemon
kubectl-debug.json,hoilc/scoop-lemon
stern_hoilc.json,hoilc/scoop-lemon
cfiler.json,hoilc/scoop-lemon
highlight-text.json,hoilc/scoop-lemon
git-duet.json,hoilc/scoop-lemon
verysimple.json,hoilc/scoop-lemon
aya.json,hoilc/scoop-lemon
nico.json,hoilc/scoop-lemon
acrylic.json,hoilc/scoop-lemon
boom.json,hoilc/scoop-lemon
tinysetup.json,hoilc/scoop-lemon
mujing.json,hoilc/scoop-lemon
timoni_hoilc.json,hoilc/scoop-lemon
foobox-en.json,hoilc/scoop-lemon
haproxy_exporter.json,hoilc/scoop-lemon
mdsilo.json,hoilc/scoop-lemon
foobox6-cn.json,hoilc/scoop-lemon
apdview.json,hoilc/scoop-lemon
tray-monitor.json,hoilc/scoop-lemon
minbrowser.json,hoilc/scoop-lemon
trdl.json,hoilc/scoop-lemon
zorba.json,hoilc/scoop-lemon
keepass-plugin-keeuiext.json,hoilc/scoop-lemon
mongodb-atlas-cli_hoilc.json,hoilc/scoop-lemon
rmaa.json,hoilc/scoop-lemon
pulsarctl.json,hoilc/scoop-lemon
dnsproxy_hoilc.json,hoilc/scoop-lemon
cat-cli.json,hoilc/scoop-lemon
notepad4.json,hoilc/scoop-lemon
minihex.json,hoilc/scoop-lemon
cmix.json,hoilc/scoop-lemon
jaguar.json,hoilc/scoop-lemon
simple-vhd-manager.json,hoilc/scoop-lemon
pot_hoilc.json,hoilc/scoop-lemon
uninstalr.json,hoilc/scoop-lemon
peerguard.json,hoilc/scoop-lemon
mixctl.json,hoilc/scoop-lemon
unicodia.json,hoilc/scoop-lemon
whisper-model-ggml-base.json,hoilc/scoop-lemon
bbdown_hoilc.json,hoilc/scoop-lemon
rqlite.json,hoilc/scoop-lemon
lame-front-end.json,hoilc/scoop-lemon
greptime.json,hoilc/scoop-lemon
ailz80asm.json,hoilc/scoop-lemon
qbittorrent-clientblocker.json,hoilc/scoop-lemon
maple-mono-nerd.json,hoilc/scoop-lemon
obs-browser-plus.json,hoilc/scoop-lemon
enable-loopback.json,hoilc/scoop-lemon
glider.json,hoilc/scoop-lemon
swagger-codegen-cli.json,hoilc/scoop-lemon
space-cli.json,hoilc/scoop-lemon
trdsql.json,hoilc/scoop-lemon
gidot-typesetter.json,hoilc/scoop-lemon
jan.json,hoilc/scoop-lemon
chinesesubfinder.json,hoilc/scoop-lemon
free-color-picker.json,hoilc/scoop-lemon
metabase-ee.json,hoilc/scoop-lemon
openobserve.json,hoilc/scoop-lemon
winscan2pdf.json,hoilc/scoop-lemon
sirikali.json,hoilc/scoop-lemon
qv2ray-nightly.json,hoilc/scoop-lemon
arthas_hoilc.json,hoilc/scoop-lemon
wssocks.json,hoilc/scoop-lemon
wincrypt-sshagent.json,hoilc/scoop-lemon
ns-emu-tools.json,hoilc/scoop-lemon
pulsarctl@3.json,hoilc/scoop-lemon
projector-client.json,hoilc/scoop-lemon
dockit.json,hoilc/scoop-lemon
realm_hoilc.json,hoilc/scoop-lemon
ark-pixel-font-12px-proportional.json,hoilc/scoop-lemon
flash-collector.json,hoilc/scoop-lemon
s3proxy.json,hoilc/scoop-lemon
ark-pixel-font-16px-proportional.json,hoilc/scoop-lemon
shanggu-mono-tc.json,hoilc/scoop-lemon
stduviewer.json,hoilc/scoop-lemon
bilibili-live-record-downloader.json,hoilc/scoop-lemon
thumbsviewer.json,hoilc/scoop-lemon
cavif.json,hoilc/scoop-lemon
quardcrt.json,hoilc/scoop-lemon
whalebird.json,hoilc/scoop-lemon
oggdropxpd-libvorbis-aotuv-lancer.json,hoilc/scoop-lemon
freedv.json,hoilc/scoop-lemon
cryptsync.json,hoilc/scoop-lemon
guid-generator.json,hoilc/scoop-lemon
wsl-ssh-agent.json,hoilc/scoop-lemon
cpix-cn.json,hoilc/scoop-lemon
lite.json,hoilc/scoop-lemon
chart-testing.json,hoilc/scoop-lemon
jpexs-decompiler.json,hoilc/scoop-lemon
n3dr.json,hoilc/scoop-lemon
bore.json,hoilc/scoop-lemon
aliyundrive-webdav_hoilc.json,hoilc/scoop-lemon
jmol.json,hoilc/scoop-lemon
skytable.json,hoilc/scoop-lemon
gaphor.json,hoilc/scoop-lemon
smart-system-menu.json,hoilc/scoop-lemon
outwiker.json,hoilc/scoop-lemon
packetsender.json,hoilc/scoop-lemon
pdfcommander.json,hoilc/scoop-lemon
cppcryptfs.json,hoilc/scoop-lemon
webmesh.json,hoilc/scoop-lemon
oss-browser.json,hoilc/scoop-lemon
djvutoy.json,hoilc/scoop-lemon
amazon-ec2-instance-selector.json,hoilc/scoop-lemon
krr.json,hoilc/scoop-lemon
maxthon6.json,hoilc/scoop-lemon
imbatch.json,hoilc/scoop-lemon
static-php-cli.json,hoilc/scoop-lemon
craftlaunch.json,hoilc/scoop-lemon
inlets-pro.json,hoilc/scoop-lemon
hashid.json,hoilc/scoop-lemon
upcloud-cli.json,hoilc/scoop-lemon
k3sup_hoilc.json,hoilc/scoop-lemon
pointofix.json,hoilc/scoop-lemon
zhudou-sans.json,hoilc/scoop-lemon
ecopaste.json,hoilc/scoop-lemon
firefox-history-merger.json,hoilc/scoop-lemon
cosmo-berry.json,hoilc/scoop-lemon
portscan.json,hoilc/scoop-lemon
metabase_hoilc.json,hoilc/scoop-lemon
shanggu-sans-sc.json,hoilc/scoop-lemon
dwmblurglass.json,hoilc/scoop-lemon
fvm.json,hoilc/scoop-lemon
jumppad.json,hoilc/scoop-lemon
qbittorrent-enhanced.json,hoilc/scoop-lemon
ncmdump.json,hoilc/scoop-lemon
opscan.json,hoilc/scoop-lemon
dnsx.json,hoilc/scoop-lemon
ink-canvas.json,hoilc/scoop-lemon
remoteapptool_hoilc.json,hoilc/scoop-lemon
risoheditor.json,hoilc/scoop-lemon
chirp-next.json,hoilc/scoop-lemon
privazer.json,hoilc/scoop-lemon
copy-translator-rust.json,hoilc/scoop-lemon
devtunnel.json,hoilc/scoop-lemon
pe-anatomist.json,hoilc/scoop-lemon
ferret.json,hoilc/scoop-lemon
kubemq.json,hoilc/scoop-lemon
oblivion-desktop.json,hoilc/scoop-lemon
gamadv-xtd3.json,hoilc/scoop-lemon
img-convert.json,hoilc/scoop-lemon
bkviewer-pro.json,hoilc/scoop-lemon
pcap2socks.json,hoilc/scoop-lemon
airpodsdesktop.json,hoilc/scoop-lemon
seqkit.json,hoilc/scoop-lemon
lazysql.json,hoilc/scoop-lemon
ark-pixel-font-16px-monospaced.json,hoilc/scoop-lemon
metatogger.json,hoilc/scoop-lemon
supervisord-go.json,hoilc/scoop-lemon
maye.json,hoilc/scoop-lemon
shanggu-sans.json,hoilc/scoop-lemon
airdcpp.json,hoilc/scoop-lemon
pinga.json,hoilc/scoop-lemon
whatsapp-chat-exporter.json,hoilc/scoop-lemon
container-diff.json,hoilc/scoop-lemon
xd-antispy.json,hoilc/scoop-lemon
leafview.json,hoilc/scoop-lemon
cloudflarespeedtest.json,hoilc/scoop-lemon
kftray.json,hoilc/scoop-lemon
unlock-music_hoilc.json,hoilc/scoop-lemon
perfview.json,hoilc/scoop-lemon
theaeroclock.json,hoilc/scoop-lemon
glooctl.json,hoilc/scoop-lemon
sclock.json,hoilc/scoop-lemon
kubestr.json,hoilc/scoop-lemon
tad.json,hoilc/scoop-lemon
haylxon.json,hoilc/scoop-lemon
consul_exporter.json,hoilc/scoop-lemon
windows-terminal-quake@1.json,hoilc/scoop-lemon
suwellofd.json,hoilc/scoop-lemon
equinix-metal-cli.json,hoilc/scoop-lemon
yasocut.json,hoilc/scoop-lemon
cosmo-redbean.json,hoilc/scoop-lemon
schema.json,jat001/scoop-ox
turbovnc.json,jat001/scoop-ox
curseforge.json,jat001/scoop-ox
tencent-docs.json,jat001/scoop-ox
heybox-workshop.json,jat001/scoop-ox
shadowsocksr-windows.json,jat001/scoop-ox
wago-app.json,jat001/scoop-ox
minion.json,jat001/scoop-ox
sublime-merge-dev.json,jat001/scoop-ox
bigfoot.json,jat001/scoop-ox
netease-dd.json,jat001/scoop-ox
raiderio-client.json,jat001/scoop-ox
tencent-meeting.json,jat001/scoop-ox
wowup-beta.json,jat001/scoop-ox
ajour-beta.json,jat001/scoop-ox
weakauras-companion_jat001.json,jat001/scoop-ox
heybox-chat.json,jat001/scoop-ox
wowup_jat001.json,jat001/scoop-ox
obs-ndi.json,jat001/scoop-ox
advanced-rest-client.json,jat001/scoop-ox
kook_jat001.json,jat001/scoop-ox
cafeact.json,jat001/scoop-ox
cheat-engine-zh-cn.json,jat001/scoop-ox
corplink.json,jat001/scoop-ox
cursebreaker.json,jat001/scoop-ox
bcut.json,jat001/scoop-ox
voov-meeting.json,jat001/scoop-ox
sublime-text-dev.json,jat001/scoop-ox
clickpaste.json,jat001/scoop-ox
obs-studio.json,jat001/scoop-ox
obs-multi-rtmp.json,jat001/scoop-ox
heybox-acc.json,jat001/scoop-ox
ndi-runtime.json,jat001/scoop-ox
newbee-box.json,jat001/scoop-ox
ajour.json,jat001/scoop-ox
wowup-cf-beta.json,jat001/scoop-ox
wowup-cf.json,jat001/scoop-ox
clash-for-windows_jat001.json,jat001/scoop-ox
